Select,Brand,Brand Description,PN,Manufacturer PN,Desc,Category,Subcategory,MSRP,MAP - No Promos,MAP - With Promos,MAP - Just Promos,Market,BB,HD,LOWES,Is Active,On Display,Clearance,In Stock Flag,Get It Today Flag,Best Seller Flag,REGULAR,SALE,SPECIAL,ON SITE,OUT OF CART PRICE,Open Box,SCRATCH N DENT,RENEWED,Special Order,Last Chance,Coming Soon,Black Friday Flag,BLACKFRIDAY,LastChance,NEW_BOX,MinorImperfections,Scratch_Box
false,GAG,GAGGENAU,00097367,00097367,Pizza Peel / Paddle,SMALL APPLIANCES,FOOD PREPARATION,,,,,,,,,Yes,false,false,false,false,false,Call for Our Best Price,Call for Our Best Price,Call for Our Best Price,No,Call for Our Best Price,false,false,false,false,false,false,false,false,false,N/A,N/A,N/A
false,GAG,GAGGENAU,00141678,00141678,Baking Stone,SMALL APPLIANCES,FOOD PREPARATION,,,,,,,,,Yes,false,false,false,false,false,Call for Our Best Price,Call for Our Best Price,Call for Our Best Price,No,Call for Our Best Price,false,false,false,false,false,false,false,false,false,N/A,N/A,N/A
false,GAG,GAGGENAU,00144834,00144834,Baking Stone BA058131,SMALL APPLIANCES,FOOD PREPARATION,,,,,,,,,Yes,false,false,false,false,false,Call for Our Best Price,Call for Our Best Price,Call for Our Best Price,No,Call for Our Best Price,false,false,false,false,false,false,false,false,false,N/A,N/A,N/A
false,GAG,GAGGENAU,00156838,00156838,Meat Probe,SMALL APPLIANCES,FOOD PREPARATION,,,,,,,,,Yes,false,false,false,false,false,Call for Our Best Price,Call for Our Best Price,Call for Our Best Price,No,Call for Our Best Price,false,false,false,false,false,false,false,false,false,N/A,N/A,N/A
false,GAG,GAGGENAU,00173865,00173865,Screw Hole Cover Set,ACCESSORIES,REFRIGERATOR ACCESSORIES,,,,,,,,,Yes,false,false,false,false,false,Call for Our Best Price,Call for Our Best Price,Call for Our Best Price,No,Call for Our Best Price,false,false,false,false,false,false,false,false,false,N/A,N/A,N/A
false,GAG,GAGGENAU,00212852,00212852,Baking Tray,SMALL APPLIANCES,FOOD PREPARATION,,,,,,,,,Yes,false,false,false,false,false,Call for Our Best Price,Call for Our Best Price,Call for Our Best Price,No,Call for Our Best Price,false,false,false,false,false,false,false,false,false,N/A,N/A,N/A
false,GAG,GAGGENAU,00212853,00212853,Baking Tray,SMALL APPLIANCES,FOOD PREPARATION,,,,,,,,,Yes,false,false,false,false,false,Call for Our Best Price,Call for Our Best Price,Call for Our Best Price,No,Call for Our Best Price,false,false,false,false,false,false,false,false,false,N/A,N/A,N/A
false,GAG,GAGGENAU,00212854,00212854,Broil Pan,SMALL APPLIANCES,FOOD PREPARATION,,,,,,,,,Yes,false,false,false,false,false,Call for Our Best Price,Call for Our Best Price,Call for Our Best Price,No,Call for Our Best Price,false,false,false,false,false,false,false,false,false,N/A,N/A,N/A
false,GAG,GAGGENAU,00267651,00267651,Pitcher for Softener Salt,ACCESSORIES,DISHWASHER ACCESSORIES,,,,,,,,,Yes,false,false,false,false,false,Call for Our Best Price,Call for Our Best Price,Call for Our Best Price,No,Call for Our Best Price,false,false,false,false,false,false,false,false,false,N/A,N/A,N/A
false,GAG,GAGGENAU,00291050,00291050,"Lava Stones LV010000, LV030000",ACCESSORIES,BBQ ACCESSORIES,,,,,,,,,Yes,false,false,false,false,false,Call for Our Best Price,Call for Our Best Price,Call for Our Best Price,No,Call for Our Best Price,false,false,false,false,false,false,false,false,false,N/A,N/A,N/A
false,GAG,GAGGENAU,00291916,00291916,Wire Rack PS075001,SMALL APPLIANCES,FOOD PREPARATION,,,,,,,,,Yes,false,false,false,false,false,Call for Our Best Price,Call for Our Best Price,Call for Our Best Price,No,Call for Our Best Price,false,false,false,false,false,false,false,false,false,N/A,N/A,N/A
false,GAG,GAGGENAU,00292343,00292343,Wire Rack (for Broil Pan 00212854),ACCESSORIES,MISC RANGE ACCESSORIES,,,,,,,,,Yes,false,false,false,false,false,Call for Our Best Price,Call for Our Best Price,Call for Our Best Price,No,Call for Our Best Price,false,false,false,false,false,false,false,false,false,N/A,N/A,N/A
false,GAG,GAGGENAU,00292354,00292354,Wire Rack,ACCESSORIES,MISC RANGE ACCESSORIES,,,,,,,,,Yes,false,false,false,false,false,Call for Our Best Price,Call for Our Best Price,Call for Our Best Price,No,Call for Our Best Price,false,false,false,false,false,false,false,false,false,N/A,N/A,N/A
false,GAG,GAGGENAU,00292558,00292558,Heating Element PS 075 001,SMALL APPLIANCES,FOOD PREPARATION,,,,,,,,,Yes,false,false,false,false,false,Call for Our Best Price,Call for Our Best Price,Call for Our Best Price,No,Call for Our Best Price,false,false,false,false,false,false,false,false,false,N/A,N/A,N/A
false,GAG,GAGGENAU,00311768,00311768,Descaling Cartridges (set of 4),MISC,OTHER,,,,,,,,,Yes,false,false,false,false,false,Call for Our Best Price,Call for Our Best Price,Call for Our Best Price,No,Call for Our Best Price,false,false,false,false,false,false,false,false,false,N/A,N/A,N/A
false,GAG,GAGGENAU,00311859,00311859,Oven Cleaner (for Spot Cleaning),MISC,OTHER,,,,,,,,,Yes,false,false,false,false,false,Call for Our Best Price,Call for Our Best Price,Call for Our Best Price,No,Call for Our Best Price,false,false,false,false,false,false,false,false,false,N/A,N/A,N/A
false,GAG,GAGGENAU,00311918,00311918,Descaler for Dishwashers and Washing Machines (1 Pack),MISC,OTHER,,,,,,,,,Yes,false,false,false,false,false,Call for Our Best Price,Call for Our Best Price,Call for Our Best Price,No,Call for Our Best Price,false,false,false,false,false,false,false,false,false,N/A,N/A,N/A
false,GAG,GAGGENAU,00311922,00311922,Descaler for Dishwashers & Washing Machines (4 Pack),MISC,OTHER,,,,,,,,,Yes,false,false,false,false,false,Call for Our Best Price,Call for Our Best Price,Call for Our Best Price,No,Call for Our Best Price,false,false,false,false,false,false,false,false,false,N/A,N/A,N/A
false,GAG,GAGGENAU,00311925,00311925,Washing Machine Cleaner (1 Pack),MISC,OTHER,,,,,,,,,Yes,false,false,false,false,false,Call for Our Best Price,Call for Our Best Price,Call for Our Best Price,No,Call for Our Best Price,false,false,false,false,false,false,false,false,false,N/A,N/A,N/A
false,GAG,GAGGENAU,00311928,00311928,Washing Machine Cleaner (4 Pack),MISC,OTHER,,,,,,,,,Yes,false,false,false,false,false,Call for Our Best Price,Call for Our Best Price,Call for Our Best Price,No,Call for Our Best Price,false,false,false,false,false,false,false,false,false,N/A,N/A,N/A
false,GAG,GAGGENAU,00311946,00311946,Stainless Steel Cleaning Powder,MISC,OTHER,,,,,,,,,Yes,false,false,false,false,false,Call for Our Best Price,Call for Our Best Price,Call for Our Best Price,No,Call for Our Best Price,false,false,false,false,false,false,false,false,false,N/A,N/A,N/A
false,GAG,GAGGENAU,00312010,00312010,Liquid Descaler for Coffee Machines & Steam Ovens (1 Pack),ACCESSORIES,MISC ACCESSORIES,,,,,,,,,Yes,false,false,false,false,false,Call for Our Best Price,Call for Our Best Price,Call for Our Best Price,No,Call for Our Best Price,false,false,false,false,false,false,false,false,false,N/A,N/A,N/A
false,GAG,GAGGENAU,00312013,00312013,Liquid Descaler for Coffee Machines & Steam Ovens (4 Pack),ACCESSORIES,MISC ACCESSORIES,,,,,,,,,Yes,false,false,false,false,false,Call for Our Best Price,Call for Our Best Price,Call for Our Best Price,No,Call for Our Best Price,false,false,false,false,false,false,false,false,false,N/A,N/A,N/A
false,GAG,GAGGENAU,00312093,00312093,Descaler for Coffee Machines (Tablets) TCZ8002A,MISC,MISCELLANEOUS,,,,,,,,,Yes,false,false,false,false,false,Call for Our Best Price,Call for Our Best Price,Call for Our Best Price,No,Call for Our Best Price,false,false,false,false,false,false,false,false,false,N/A,N/A,N/A
false,GAG,GAGGENAU,00312096,00312096,Cleaning Tablets for Coffee Machines TCZ8001A,MISC,MISCELLANEOUS,,,,,,,,,Yes,false,false,false,false,false,Call for Our Best Price,Call for Our Best Price,Call for Our Best Price,No,Call for Our Best Price,false,false,false,false,false,false,false,false,false,N/A,N/A,N/A
false,GAG,GAGGENAU,00312193,00312193,Dishwasher Cleaner (3 Pack),MISC,MISCELLANEOUS,,,,,,,,,Yes,false,false,false,false,false,Call for Our Best Price,Call for Our Best Price,Call for Our Best Price,No,Call for Our Best Price,false,false,false,false,false,false,false,false,false,N/A,N/A,N/A
false,GAG,GAGGENAU,00312207,00312207,Degreaser,MISC,MISCELLANEOUS,,,,,,,,,Yes,false,false,false,false,false,Call for Our Best Price,Call for Our Best Price,Call for Our Best Price,No,Call for Our Best Price,false,false,false,false,false,false,false,false,false,N/A,N/A,N/A
false,GAG,GAGGENAU,00312298,00312298,Oven Cleaner (for Large Areas),MISC,MISCELLANEOUS,,,,,,,,,Yes,false,false,false,false,false,Call for Our Best Price,Call for Our Best Price,Call for Our Best Price,No,Call for Our Best Price,false,false,false,false,false,false,false,false,false,N/A,N/A,N/A
false,GAG,GAGGENAU,00351210,00351210,"Charcoal / Carbon Filter CHFILISL, KF001010, RECIRISL",ACCESSORIES,HOOD ACCESSORIES,,,,,,,,,Yes,false,false,false,false,false,Call for Our Best Price,Call for Our Best Price,Call for Our Best Price,No,Call for Our Best Price,false,false,false,false,false,false,false,false,false,N/A,N/A,N/A
false,GAG,GAGGENAU,00357308,00357308,Wire Rack GR220046,ACCESSORIES,MISC RANGE ACCESSORIES,,,,,,,,,Yes,false,false,false,false,false,Call for Our Best Price,Call for Our Best Price,Call for Our Best Price,No,Call for Our Best Price,false,false,false,false,false,false,false,false,false,N/A,N/A,N/A
false,GAG,GAGGENAU,00358656,00358656,Large Stainless Steel Pan - Unperforated GN114230,SMALL APPLIANCES,FOOD PREPARATION,,,,,,,,,Yes,false,false,false,false,false,Call for Our Best Price,Call for Our Best Price,Call for Our Best Price,No,Call for Our Best Price,false,false,false,false,false,false,false,false,false,N/A,N/A,N/A
false,GAG,GAGGENAU,00420005,00420005,Coffee Scoop,SMALL APPLIANCES,FOOD PREPARATION,,,,,,,,,Yes,false,false,false,false,false,Call for Our Best Price,Call for Our Best Price,Call for Our Best Price,No,Call for Our Best Price,false,false,false,false,false,false,false,false,false,N/A,N/A,N/A
false,GAG,GAGGENAU,00449720,00449720,Pull-out Rails,ACCESSORIES,MISC RANGE ACCESSORIES,,,,,,,,,Yes,false,false,false,false,false,Call for Our Best Price,Call for Our Best Price,Call for Our Best Price,No,Call for Our Best Price,false,false,false,false,false,false,false,false,false,N/A,N/A,N/A
false,GAG,GAGGENAU,00449722,00449722,Extendable Bottle Shelf,HOME ACCENTS,OTHER HOME ACCENTS,,,,,,,,,Yes,false,false,false,false,false,Call for Our Best Price,Call for Our Best Price,Call for Our Best Price,No,Call for Our Best Price,false,false,false,false,false,false,false,false,false,N/A,N/A,N/A
false,GAG,GAGGENAU,00460487,00460487,Charcoal / Carbon Filter,ACCESSORIES,HOOD ACCESSORIES,,,,,,,,,Yes,false,false,false,false,false,Call for Our Best Price,Call for Our Best Price,Call for Our Best Price,No,Call for Our Best Price,false,false,false,false,false,false,false,false,false,N/A,N/A,N/A
false,GAG,GAGGENAU,00460488,00460488,Standard Odor Filter,ACCESSORIES,HOOD ACCESSORIES,,,,,,,,,Yes,false,false,false,false,false,Call for Our Best Price,Call for Our Best Price,Call for Our Best Price,No,Call for Our Best Price,false,false,false,false,false,false,false,false,false,N/A,N/A,N/A
false,GAG,GAGGENAU,00460770,00460770,Cleaning Cloth,MISC,OTHER,,,,,,,,,Yes,false,false,false,false,false,Call for Our Best Price,Call for Our Best Price,Call for Our Best Price,No,Call for Our Best Price,false,false,false,false,false,false,false,false,false,N/A,N/A,N/A
false,GAG,GAGGENAU,00461732,00461732,Coffee Machine Water Filter TCZ6003,MISC,OTHER,,,,,,,,,Yes,false,false,false,false,false,Call for Our Best Price,Call for Our Best Price,Call for Our Best Price,No,Call for Our Best Price,false,false,false,false,false,false,false,false,false,N/A,N/A,N/A
false,GAG,GAGGENAU,00464256,00464256,Wok Ring,ACCESSORIES,MISC RANGE ACCESSORIES,,,,,,,,,Yes,false,false,false,false,false,Call for Our Best Price,Call for Our Best Price,Call for Our Best Price,No,Call for Our Best Price,false,false,false,false,false,false,false,false,false,N/A,N/A,N/A
false,GAG,GAGGENAU,00465695,00465695,Cooktop Cover,ACCESSORIES,MISC RANGE ACCESSORIES,,,,,,,,,Yes,false,false,false,false,false,Call for Our Best Price,Call for Our Best Price,Call for Our Best Price,No,Call for Our Best Price,false,false,false,false,false,false,false,false,false,N/A,N/A,N/A
false,GAG,GAGGENAU,00465697,00465697,Rotisserie Spit,SMALL APPLIANCES,FOOD PREPARATION,,,,,,,,,Yes,false,false,false,false,false,Call for Our Best Price,Call for Our Best Price,Call for Our Best Price,No,Call for Our Best Price,false,false,false,false,false,false,false,false,false,N/A,N/A,N/A
false,GAG,GAGGENAU,00467218,00467218,Pizza Paddles (set of 2),ACCESSORIES,MISC ACCESSORIES,,,,,,,,,Yes,false,false,false,false,false,Call for Our Best Price,Call for Our Best Price,Call for Our Best Price,No,Call for Our Best Price,false,false,false,false,false,false,false,false,false,N/A,N/A,N/A
false,GAG,GAGGENAU,00468251,00468251,"Complete Kit (baking Stone, Grid and Paddle)",ACCESSORIES,MISC ACCESSORIES,,,,,,,,,Yes,false,false,false,false,false,Call for Our Best Price,Call for Our Best Price,Call for Our Best Price,No,Call for Our Best Price,false,false,false,false,false,false,false,false,false,N/A,N/A,N/A
false,GAG,GAGGENAU,00468416,00468416,"Pull-Out Rail System BA016103, BA016105",ACCESSORIES,MISC RANGE ACCESSORIES,,,,,,,,,Yes,false,false,false,false,false,Call for Our Best Price,Call for Our Best Price,Call for Our Best Price,No,Call for Our Best Price,false,false,false,false,false,false,false,false,false,N/A,N/A,N/A
false,GAG,GAGGENAU,00468419,00468419,"Glass Tray BA046113, BA046115, KB110046",ACCESSORIES,MISC RANGE ACCESSORIES,,,,,,,,,Yes,false,false,false,false,false,Call for Our Best Price,Call for Our Best Price,Call for Our Best Price,No,Call for Our Best Price,false,false,false,false,false,false,false,false,false,N/A,N/A,N/A
false,GAG,GAGGENAU,00468421,00468421,"Broil Pan BA226103, BA226105",ACCESSORIES,MISC RANGE ACCESSORIES,,,,,,,,,Yes,false,false,false,false,false,Call for Our Best Price,Call for Our Best Price,Call for Our Best Price,No,Call for Our Best Price,false,false,false,false,false,false,false,false,false,N/A,N/A,N/A
false,GAG,GAGGENAU,00468422,00468422,"Broil Pan BA026101, BA026103",ACCESSORIES,MISC RANGE ACCESSORIES,,,,,,,,,Yes,false,false,false,false,false,Call for Our Best Price,Call for Our Best Price,Call for Our Best Price,No,Call for Our Best Price,false,false,false,false,false,false,false,false,false,N/A,N/A,N/A
false,GAG,GAGGENAU,00469559,00469559,Softener Salt SGZ9091UC,MISC,OTHER,,,,,,,,,Yes,false,false,false,false,false,Call for Our Best Price,Call for Our Best Price,Call for Our Best Price,No,Call for Our Best Price,false,false,false,false,false,false,false,false,false,N/A,N/A,N/A
false,GAG,GAGGENAU,00479369,00479369,Wire Rack,ACCESSORIES,MISC RANGE ACCESSORIES,,,,,,,,,Yes,false,false,false,false,false,Call for Our Best Price,Call for Our Best Price,Call for Our Best Price,No,Call for Our Best Price,false,false,false,false,false,false,false,false,false,N/A,N/A,N/A
false,GAG,GAGGENAU,00479370,00479370,Baking Tray,ACCESSORIES,MISC RANGE ACCESSORIES,,,,,,,,,Yes,false,false,false,false,false,Call for Our Best Price,Call for Our Best Price,Call for Our Best Price,No,Call for Our Best Price,false,false,false,false,false,false,false,false,false,N/A,N/A,N/A
false,GAG,GAGGENAU,00570316,00570316,Large Roaster,SMALL APPLIANCES,FOOD PREPARATION,,,,,,,,,Yes,false,false,false,false,false,Call for Our Best Price,Call for Our Best Price,Call for Our Best Price,No,Call for Our Best Price,false,false,false,false,false,false,false,false,false,N/A,N/A,N/A
false,GAG,GAGGENAU,00570364,00570364,"Sensor Frying Pan (Small) GP900001, HEZ390210",SMALL APPLIANCES,FOOD PREPARATION,,,,,,,,,Yes,false,false,false,false,false,Call for Our Best Price,Call for Our Best Price,Call for Our Best Price,No,Call for Our Best Price,false,false,false,false,false,false,false,false,false,N/A,N/A,N/A
false,GAG,GAGGENAU,00570365,00570365,"Sensor Frying Pan (Medium) GP900002, HEZ390220",SMALL APPLIANCES,FOOD PREPARATION,,,,,,,,,Yes,false,false,false,false,false,Call for Our Best Price,Call for Our Best Price,Call for Our Best Price,No,Call for Our Best Price,false,false,false,false,false,false,false,false,false,N/A,N/A,N/A
false,GAG,GAGGENAU,00570366,00570366,"Sensor Frying Pan (Large) GP900003, HEZ390230",SMALL APPLIANCES,FOOD PREPARATION,,,,,,,,,Yes,false,false,false,false,false,Call for Our Best Price,Call for Our Best Price,Call for Our Best Price,No,Call for Our Best Price,false,false,false,false,false,false,false,false,false,N/A,N/A,N/A
false,GAG,GAGGENAU,00571634,00571634,Small Stainless Steel Pan - Perforated,SMALL APPLIANCES,FOOD PREPARATION,,,,,,,,,Yes,false,false,false,false,false,Call for Our Best Price,Call for Our Best Price,Call for Our Best Price,No,Call for Our Best Price,false,false,false,false,false,false,false,false,false,N/A,N/A,N/A
false,GAG,GAGGENAU,00571636,00571636,Small Stainless Steel Lid,SMALL APPLIANCES,FOOD PREPARATION,,,,,,,,,Yes,false,false,false,false,false,Call for Our Best Price,Call for Our Best Price,Call for Our Best Price,No,Call for Our Best Price,false,false,false,false,false,false,false,false,false,N/A,N/A,N/A
false,GAG,GAGGENAU,00571637,00571637,Large Stainless Steel Lid,SMALL APPLIANCES,FOOD PREPARATION,,,,,,,,,Yes,false,false,false,false,false,Call for Our Best Price,Call for Our Best Price,Call for Our Best Price,No,Call for Our Best Price,false,false,false,false,false,false,false,false,false,N/A,N/A,N/A
false,GAG,GAGGENAU,00572615,00572615,Wok,SMALL APPLIANCES,FOOD PREPARATION,,,,,,,,,Yes,false,false,false,false,false,Call for Our Best Price,Call for Our Best Price,Call for Our Best Price,No,Call for Our Best Price,false,false,false,false,false,false,false,false,false,N/A,N/A,N/A
false,GAG,GAGGENAU,00573429,00573429,Teppanyaki,ACCESSORIES,MISC RANGE ACCESSORIES,,,,,,,,,Yes,false,false,false,false,false,Call for Our Best Price,Call for Our Best Price,Call for Our Best Price,No,Call for Our Best Price,false,false,false,false,false,false,false,false,false,N/A,N/A,N/A
false,GAG,GAGGENAU,00573431,00573431,Teppanyaki,ACCESSORIES,MISC RANGE ACCESSORIES,,,,,,,,,Yes,false,false,false,false,false,Call for Our Best Price,Call for Our Best Price,Call for Our Best Price,No,Call for Our Best Price,false,false,false,false,false,false,false,false,false,N/A,N/A,N/A
false,GAG,GAGGENAU,00574633,00574633,"Pull-Out Rail System BA018103, BA018105",ACCESSORIES,MISC RANGE ACCESSORIES,,,,,,,,,Yes,false,false,false,false,false,Call for Our Best Price,Call for Our Best Price,Call for Our Best Price,No,Call for Our Best Price,false,false,false,false,false,false,false,false,false,N/A,N/A,N/A
false,GAG,GAGGENAU,00574647,00574647,"Heating Element BA058113, BA058115",ACCESSORIES,MISC RANGE ACCESSORIES,,,,,,,,,Yes,false,false,false,false,false,Call for Our Best Price,Call for Our Best Price,Call for Our Best Price,No,Call for Our Best Price,false,false,false,false,false,false,false,false,false,N/A,N/A,N/A
false,GAG,GAGGENAU,00574698,00574698,"Baking Stone Kit BA058133, BA058135",SMALL APPLIANCES,FOOD PREPARATION,,,,,,,,,Yes,false,false,false,false,false,Call for Our Best Price,Call for Our Best Price,Call for Our Best Price,No,Call for Our Best Price,false,false,false,false,false,false,false,false,false,N/A,N/A,N/A
false,GAG,GAGGENAU,00575303,00575303,Broil Pan BA226105,ACCESSORIES,MISC RANGE ACCESSORIES,,,,,,,,,Yes,false,false,false,false,false,Call for Our Best Price,Call for Our Best Price,Call for Our Best Price,No,Call for Our Best Price,false,false,false,false,false,false,false,false,false,N/A,N/A,N/A
false,GAG,GAGGENAU,00576698,00576698,Gaggenau Stainless Steel Conditioner,MISC,OTHER,,,,,,,,,Yes,false,false,false,false,false,Call for Our Best Price,Call for Our Best Price,Call for Our Best Price,No,Call for Our Best Price,false,false,false,false,false,false,false,false,false,N/A,N/A,N/A
false,GAG,GAGGENAU,00576858,00576858,Cooktop Cover,ACCESSORIES,MISC RANGE ACCESSORIES,,,,,,,,,Yes,false,false,false,false,false,Call for Our Best Price,Call for Our Best Price,Call for Our Best Price,No,Call for Our Best Price,false,false,false,false,false,false,false,false,false,N/A,N/A,N/A
false,GAG,GAGGENAU,00577848,00577848,Small Non-stick Pan - Perforated,ACCESSORIES,MISC RANGE ACCESSORIES,,,,,,,,,Yes,false,false,false,false,false,Call for Our Best Price,Call for Our Best Price,Call for Our Best Price,No,Call for Our Best Price,false,false,false,false,false,false,false,false,false,N/A,N/A,N/A
false,GAG,GAGGENAU,00578813,00578813,Vacuum Bags (small),MISC,OTHER,,,,,,,,,Yes,false,false,false,false,false,Call for Our Best Price,Call for Our Best Price,Call for Our Best Price,No,Call for Our Best Price,false,false,false,false,false,false,false,false,false,N/A,N/A,N/A
false,GAG,GAGGENAU,00578814,00578814,Vacuum Bags (large),MISC,OTHER,,,,,,,,,Yes,false,false,false,false,false,Call for Our Best Price,Call for Our Best Price,Call for Our Best Price,No,Call for Our Best Price,false,false,false,false,false,false,false,false,false,N/A,N/A,N/A
false,GAG,GAGGENAU,00578951,00578951,Cooking sensor Cooking Sensor,ACCESSORIES,MISC RANGE ACCESSORIES,,,,,,,,,Yes,false,false,false,false,false,Call for Our Best Price,Call for Our Best Price,Call for Our Best Price,No,Call for Our Best Price,false,false,false,false,false,false,false,false,false,N/A,N/A,N/A
false,GAG,GAGGENAU,00606509,00606509,Carbon Air Filter RA050200,MISC,OTHER,,,,,,,,,Yes,false,false,false,false,false,Call for Our Best Price,Call for Our Best Price,Call for Our Best Price,No,Call for Our Best Price,false,false,false,false,false,false,false,false,false,N/A,N/A,N/A
false,GAG,GAGGENAU,00612114,00612114,Tall/Large Item Sprinkler Head (Part of Dishwasher Kit SMZ5000),MISC,OTHER,,,,,,,,,Yes,false,false,false,false,false,Call for Our Best Price,Call for Our Best Price,Call for Our Best Price,No,Call for Our Best Price,false,false,false,false,false,false,false,false,false,N/A,N/A,N/A
false,GAG,GAGGENAU,00623653,00623653,Sponge for Steam Convection Ovens,MISC,OTHER,,,,,,,,,Yes,false,false,false,false,false,Call for Our Best Price,Call for Our Best Price,Call for Our Best Price,No,Call for Our Best Price,false,false,false,false,false,false,false,false,false,N/A,N/A,N/A
false,GAG,GAGGENAU,00632566,00632566,Charcoal Air Filter,ACCESSORIES,HOOD ACCESSORIES,,,,,,,,,Yes,false,false,false,false,false,Call for Our Best Price,Call for Our Best Price,Call for Our Best Price,No,Call for Our Best Price,false,false,false,false,false,false,false,false,false,N/A,N/A,N/A
false,GAG,GAGGENAU,00636458,00636458,Charcoal Air Filter,ACCESSORIES,HOOD ACCESSORIES,,,,,,,,,Yes,false,false,false,false,false,Call for Our Best Price,Call for Our Best Price,Call for Our Best Price,No,Call for Our Best Price,false,false,false,false,false,false,false,false,false,N/A,N/A,N/A
false,GAG,GAGGENAU,00639043,00639043,Bottle Cap for Vacuum Drawers,ACCESSORIES,MISC RANGE ACCESSORIES,,,,,,,,,Yes,false,false,false,false,false,Call for Our Best Price,Call for Our Best Price,Call for Our Best Price,No,Call for Our Best Price,false,false,false,false,false,false,false,false,false,N/A,N/A,N/A
false,GAG,GAGGENAU,00646179,00646179,"Anti-Tarnish Silverware Holder DA042030, SMZ5002",ACCESSORIES,MISC RANGE ACCESSORIES,,,,,,,,,Yes,false,false,false,false,false,Call for Our Best Price,Call for Our Best Price,Call for Our Best Price,No,Call for Our Best Price,false,false,false,false,false,false,false,false,false,N/A,N/A,N/A
false,GAG,GAGGENAU,00668234,00668234,Pasta Basket,SMALL APPLIANCES,FOOD PREPARATION,,,,,,,,,Yes,false,false,false,false,false,Call for Our Best Price,Call for Our Best Price,Call for Our Best Price,No,Call for Our Best Price,false,false,false,false,false,false,false,false,false,N/A,N/A,N/A
false,GAG,GAGGENAU,00670481,00670481,"Cup & Wine Glass Basket DA043060, GZ010040, SMZ2004, SMZ2014",ACCESSORIES,DISHWASHER ACCESSORIES,,,,,,,,,Yes,false,false,false,false,false,Call for Our Best Price,Call for Our Best Price,Call for Our Best Price,No,Call for Our Best Price,false,false,false,false,false,false,false,false,false,N/A,N/A,N/A
false,GAG,GAGGENAU,00672990,00672990,"Heating Element BA056113, BA056115",ACCESSORIES,MISC RANGE ACCESSORIES,,,,,,,,,Yes,false,false,false,false,false,Call for Our Best Price,Call for Our Best Price,Call for Our Best Price,No,Call for Our Best Price,false,false,false,false,false,false,false,false,false,N/A,N/A,N/A
false,GAG,GAGGENAU,00677877,00677877,Small Stainless Steel Pan - Unperforated,ACCESSORIES,MISC RANGE ACCESSORIES,,,,,,,,,Yes,false,false,false,false,false,Call for Our Best Price,Call for Our Best Price,Call for Our Best Price,No,Call for Our Best Price,false,false,false,false,false,false,false,false,false,N/A,N/A,N/A
false,GAG,GAGGENAU,00685530,00685530,Wine Presenters,MISC,MISCELLANEOUS,,,,,,,,,Yes,false,false,false,false,false,Call for Our Best Price,Call for Our Best Price,Call for Our Best Price,No,Call for Our Best Price,false,false,false,false,false,false,false,false,false,N/A,N/A,N/A
false,GAG,GAGGENAU,00686858,00686858,Extendable Bottle Shelf,MISC,MISCELLANEOUS,,,,,,,,,Yes,false,false,false,false,false,Call for Our Best Price,Call for Our Best Price,Call for Our Best Price,No,Call for Our Best Price,false,false,false,false,false,false,false,false,false,N/A,N/A,N/A
false,GAG,GAGGENAU,00688294,00688294,Cutlery Drawer DA041061,ACCESSORIES,DISHWASHER ACCESSORIES,,,,,,,,,Yes,false,false,false,false,false,Call for Our Best Price,Call for Our Best Price,Call for Our Best Price,No,Call for Our Best Price,false,false,false,false,false,false,false,false,false,N/A,N/A,N/A
false,GAG,GAGGENAU,00700863,00700863,Wire Rack (for Roaster Gn340230),ACCESSORIES,MISC RANGE ACCESSORIES,,,,,,,,,Yes,false,false,false,false,false,Call for Our Best Price,Call for Our Best Price,Call for Our Best Price,No,Call for Our Best Price,false,false,false,false,false,false,false,false,false,N/A,N/A,N/A
false,GAG,GAGGENAU,00701835,00701835,"Cooktop Cover VD201014, VR230",ACCESSORIES,MISC RANGE ACCESSORIES,,,,,,,,,Yes,false,false,false,false,false,Call for Our Best Price,Call for Our Best Price,Call for Our Best Price,No,Call for Our Best Price,false,false,false,false,false,false,false,false,false,N/A,N/A,N/A
false,GAG,GAGGENAU,00703928,00703928,Charcoal / Carbon Filter (set of 4),ACCESSORIES,BBQ ACCESSORIES,,,,,,,,,Yes,false,false,false,false,false,Call for Our Best Price,Call for Our Best Price,Call for Our Best Price,No,Call for Our Best Price,false,false,false,false,false,false,false,false,false,N/A,N/A,N/A
false,GAG,GAGGENAU,00704702,00704702,Holder for Lower Rack,ACCESSORIES,DISHWASHER ACCESSORIES,,,,,,,,,Yes,false,false,false,false,false,Call for Our Best Price,Call for Our Best Price,Call for Our Best Price,No,Call for Our Best Price,false,false,false,false,false,false,false,false,false,N/A,N/A,N/A
false,GAG,GAGGENAU,00741789,00741789,Extendable Bottle Shelf,ACCESSORIES,MISC ACCESSORIES,,,,,,,,,Yes,false,false,false,false,false,Call for Our Best Price,Call for Our Best Price,Call for Our Best Price,No,Call for Our Best Price,false,false,false,false,false,false,false,false,false,N/A,N/A,N/A
false,GAG,GAGGENAU,00742963,00742963,Large Stainless Steel Pan - Perforated,ACCESSORIES,MISC RANGE ACCESSORIES,,,,,,,,,Yes,false,false,false,false,false,Call for Our Best Price,Call for Our Best Price,Call for Our Best Price,No,Call for Our Best Price,false,false,false,false,false,false,false,false,false,N/A,N/A,N/A
false,GAG,GAGGENAU,00743976,00743976,Deep Frying Basket,SMALL APPLIANCES,FOOD PREPARATION,,,,,,,,,Yes,false,false,false,false,false,Call for Our Best Price,Call for Our Best Price,Call for Our Best Price,No,Call for Our Best Price,false,false,false,false,false,false,false,false,false,N/A,N/A,N/A
false,GAG,GAGGENAU,00743980,00743980,Cast Iron Griddle (full Size),ACCESSORIES,MISC RANGE ACCESSORIES,,,,,,,,,Yes,false,false,false,false,false,Call for Our Best Price,Call for Our Best Price,Call for Our Best Price,No,Call for Our Best Price,false,false,false,false,false,false,false,false,false,N/A,N/A,N/A
false,GAG,GAGGENAU,00746660,00746660,Glass Tray,ACCESSORIES,MISC RANGE ACCESSORIES,,,,,,,,,Yes,false,false,false,false,false,Call for Our Best Price,Call for Our Best Price,Call for Our Best Price,No,Call for Our Best Price,false,false,false,false,false,false,false,false,false,N/A,N/A,N/A
false,GAG,GAGGENAU,00778412,00778412,Wire Rack (for Broil Pan 00687055),ACCESSORIES,MISC RANGE ACCESSORIES,,,,,,,,,Yes,false,false,false,false,false,Call for Our Best Price,Call for Our Best Price,Call for Our Best Price,No,Call for Our Best Price,false,false,false,false,false,false,false,false,false,N/A,N/A,N/A
false,GAG,GAGGENAU,00778413,00778413,Wire Rack BA058133,ACCESSORIES,REFRIGERATOR ACCESSORIES,,,,,,,,,Yes,false,false,false,false,false,Call for Our Best Price,Call for Our Best Price,Call for Our Best Price,No,Call for Our Best Price,false,false,false,false,false,false,false,false,false,N/A,N/A,N/A
false,GAG,GAGGENAU,00791097,00791097,Extendable Bottle Shelf,ACCESSORIES,MISC RANGE ACCESSORIES,,,,,,,,,Yes,false,false,false,false,false,Call for Our Best Price,Call for Our Best Price,Call for Our Best Price,No,Call for Our Best Price,false,false,false,false,false,false,false,false,false,N/A,N/A,N/A
false,GAG,GAGGENAU,10004445,10004445,Liquid Propane Gas Nozzle Set (2 Piece),ACCESSORIES,BBQ ACCESSORIES,,,,,,,,,Yes,false,false,false,false,false,Call for Our Best Price,Call for Our Best Price,Call for Our Best Price,No,Call for Our Best Price,false,false,false,false,false,false,false,false,false,N/A,N/A,N/A
false,GAG,GAGGENAU,10004446,10004446,Liquid Propane Gas Nozzle Set (4 Piece),ACCESSORIES,BBQ ACCESSORIES,,,,,,,,,Yes,false,false,false,false,false,Call for Our Best Price,Call for Our Best Price,Call for Our Best Price,No,Call for Our Best Price,false,false,false,false,false,false,false,false,false,N/A,N/A,N/A
false,GAG,GAGGENAU,10004447,10004447,Liquid Propane Gas Nozzle Set (10 Piece),ACCESSORIES,BBQ ACCESSORIES,,,,,,,,,Yes,false,false,false,false,false,Call for Our Best Price,Call for Our Best Price,Call for Our Best Price,No,Call for Our Best Price,false,false,false,false,false,false,false,false,false,N/A,N/A,N/A
false,GAG,GAGGENAU,10009476,10009476,Liquid Propane Gas Nozzle Set (2 Piece),ACCESSORIES,BBQ ACCESSORIES,,,,,,,,,Yes,false,false,false,false,false,Call for Our Best Price,Call for Our Best Price,Call for Our Best Price,No,Call for Our Best Price,false,false,false,false,false,false,false,false,false,N/A,N/A,N/A
false,GAG,GAGGENAU,11005967,11005967,Milk Container,MISC,OTHER,,,,,,,,,Yes,false,false,false,false,false,Call for Our Best Price,Call for Our Best Price,Call for Our Best Price,No,Call for Our Best Price,false,false,false,false,false,false,false,false,false,N/A,N/A,N/A
false,GAG,GAGGENAU,11007783,11007783,Extendable Bottle Shelf RA491131,ACCESSORIES,MISC ACCESSORIES,,,,,,,,,Yes,false,false,false,false,false,Call for Our Best Price,Call for Our Best Price,Call for Our Best Price,No,Call for Our Best Price,false,false,false,false,false,false,false,false,false,N/A,N/A,N/A
false,GAG,GAGGENAU,11010116,11010116,Holder for Lower Rack,ACCESSORIES,DISHWASHER ACCESSORIES,,,,,,,,,Yes,false,false,false,false,false,Call for Our Best Price,Call for Our Best Price,Call for Our Best Price,No,Call for Our Best Price,false,false,false,false,false,false,false,false,false,N/A,N/A,N/A
false,GAG,GAGGENAU,11015223,11015223,Bean Container With Lid,SMALL APPLIANCES,COFFEE MAKERS AND GRINDERS,,,,,,,,,Yes,false,false,false,false,false,Call for Our Best Price,Call for Our Best Price,Call for Our Best Price,No,Call for Our Best Price,false,false,false,false,false,false,false,false,false,N/A,N/A,N/A
false,GAG,GAGGENAU,11017656,11017656,Glass Holder,MISC,OTHER,,,,,,,,,Yes,false,false,false,false,false,Call for Our Best Price,Call for Our Best Price,Call for Our Best Price,No,Call for Our Best Price,false,false,false,false,false,false,false,false,false,N/A,N/A,N/A
false,GAG,GAGGENAU,11019259,11019259,Milk Container,MISC,MISCELLANEOUS,,,,,,,,,Yes,false,false,false,false,false,Call for Our Best Price,Call for Our Best Price,Call for Our Best Price,No,Call for Our Best Price,false,false,false,false,false,false,false,false,false,N/A,N/A,N/A
false,GAG,GAGGENAU,11020448,11020448,Broil Pan,ACCESSORIES,REFRIGERATOR ACCESSORIES,,,,,,,,,Yes,false,false,false,false,false,Call for Our Best Price,Call for Our Best Price,Call for Our Best Price,No,Call for Our Best Price,false,false,false,false,false,false,false,false,false,N/A,N/A,N/A
false,GAG,GAGGENAU,11023415,11023415,Baking Tray KB200046,ACCESSORIES,MISC RANGE ACCESSORIES,,,,,,,,,Yes,false,false,false,false,false,Call for Our Best Price,Call for Our Best Price,Call for Our Best Price,No,Call for Our Best Price,false,false,false,false,false,false,false,false,false,N/A,N/A,N/A
false,GAG,GAGGENAU,11023630,11023630,Ice Bin,ACCESSORIES,REFRIGERATOR ACCESSORIES,,,,,,,,,Yes,false,false,false,false,false,Call for Our Best Price,Call for Our Best Price,Call for Our Best Price,No,Call for Our Best Price,false,false,false,false,false,false,false,false,false,N/A,N/A,N/A
false,GAG,GAGGENAU,11027881,11027881,Shelf RA492160,ACCESSORIES,REFRIGERATOR ACCESSORIES,,,,,,,,,Yes,false,false,false,false,false,Call for Our Best Price,Call for Our Best Price,Call for Our Best Price,No,Call for Our Best Price,false,false,false,false,false,false,false,false,false,N/A,N/A,N/A
false,GAG,GAGGENAU,11028160,11028160,Charcoal / Carbon Filter,ACCESSORIES,REFRIGERATOR ACCESSORIES,,,,,,,,,Yes,false,false,false,false,false,Call for Our Best Price,Call for Our Best Price,Call for Our Best Price,No,Call for Our Best Price,false,false,false,false,false,false,false,false,false,N/A,N/A,N/A
false,GAG,GAGGENAU,11028577,11028577,Wine Presenter RA493060,ACCESSORIES,REFRIGERATOR ACCESSORIES,,,,,,,,,Yes,false,false,false,false,false,Call for Our Best Price,Call for Our Best Price,Call for Our Best Price,No,Call for Our Best Price,false,false,false,false,false,false,false,false,false,N/A,N/A,N/A
false,GAG,GAGGENAU,11028897,11028897,Wire Rack (for Broil Pan 11020448),ACCESSORIES,REFRIGERATOR ACCESSORIES,,,,,,,,,Yes,false,false,false,false,false,Call for Our Best Price,Call for Our Best Price,Call for Our Best Price,No,Call for Our Best Price,false,false,false,false,false,false,false,false,false,N/A,N/A,N/A
false,GAG,GAGGENAU,11032154,11032154,Extendable Bottle Shelf RA491161,ACCESSORIES,REFRIGERATOR ACCESSORIES,,,,,,,,,Yes,false,false,false,false,false,Call for Our Best Price,Call for Our Best Price,Call for Our Best Price,No,Call for Our Best Price,false,false,false,false,false,false,false,false,false,N/A,N/A,N/A
false,GAG,GAGGENAU,11032155,11032155,Extendable Bottle Shelf RA491661,ACCESSORIES,REFRIGERATOR ACCESSORIES,,,,,,,,,Yes,false,false,false,false,false,Call for Our Best Price,Call for Our Best Price,Call for Our Best Price,No,Call for Our Best Price,false,false,false,false,false,false,false,false,false,N/A,N/A,N/A
false,GAG,GAGGENAU,11032199,11032199,Shelf RA498140,ACCESSORIES,REFRIGERATOR ACCESSORIES,,,,,,,,,Yes,false,false,false,false,false,Call for Our Best Price,Call for Our Best Price,Call for Our Best Price,No,Call for Our Best Price,false,false,false,false,false,false,false,false,false,N/A,N/A,N/A
false,GAG,GAGGENAU,11032200,11032200,Shelf RA498640,ACCESSORIES,REFRIGERATOR ACCESSORIES,,,,,,,,,Yes,false,false,false,false,false,Call for Our Best Price,Call for Our Best Price,Call for Our Best Price,No,Call for Our Best Price,false,false,false,false,false,false,false,false,false,N/A,N/A,N/A
false,GAG,GAGGENAU,11032252,11032252,Bypass Filter SCRNFLTR10,ACCESSORIES,REFRIGERATOR ACCESSORIES,,,,,,,,,Yes,false,false,false,false,false,Call for Our Best Price,Call for Our Best Price,Call for Our Best Price,No,Call for Our Best Price,false,false,false,false,false,false,false,false,false,N/A,N/A,N/A
false,GAG,GAGGENAU,11032531,11032531,"UltraClarityPro&trade; Water Filter BORPLFTR50, BORPLFTR55, RA450022, REPLFLTR55",ACCESSORIES,REFRIGERATOR ACCESSORIES,,,,,,,,,Yes,false,false,false,false,false,Call for Our Best Price,Call for Our Best Price,Call for Our Best Price,No,Call for Our Best Price,false,false,false,false,false,false,false,false,false,N/A,N/A,N/A
false,GAG,GAGGENAU,11033934,11033934,Charcoal / Carbon Filter AA200110,ACCESSORIES,REFRIGERATOR ACCESSORIES,,,,,,,,,Yes,false,false,false,false,false,Call for Our Best Price,Call for Our Best Price,Call for Our Best Price,No,Call for Our Best Price,false,false,false,false,false,false,false,false,false,N/A,N/A,N/A
false,GAG,GAGGENAU,11034152,11034152,"UltraClarity Water Filter BORPLFTR10, BORPLFTR30, RA450010, RA450021, REPLFLTR10, REPLFLTR30",ACCESSORIES,REFRIGERATOR ACCESSORIES,,,,,,,,,Yes,false,false,false,false,false,Call for Our Best Price,Call for Our Best Price,Call for Our Best Price,No,Call for Our Best Price,false,false,false,false,false,false,false,false,false,N/A,N/A,N/A
false,GAG,GAGGENAU,11048053,11048053,"UltraClarity Water Filter (3 Pack of BORPLFTR10, BORPLFTR30, RA450010, REPLFLTR10, REPLFLTR30)",WATER TREATMENT,DRINKING WATER TREATMENT,,,,,,,,,Yes,false,false,false,false,false,Call for Our Best Price,Call for Our Best Price,Call for Our Best Price,No,Call for Our Best Price,false,false,false,false,false,false,false,false,false,N/A,N/A,N/A
false,GAG,GAGGENAU,11049036,11049036,Charcoal / Carbon Filter AA442110,WATER TREATMENT,DRINKING WATER TREATMENT,,,,,,,,,Yes,false,false,false,false,false,Call for Our Best Price,Call for Our Best Price,Call for Our Best Price,No,Call for Our Best Price,false,false,false,false,false,false,false,false,false,N/A,N/A,N/A
false,GAG,GAGGENAU,11049353,11049353,Container,ACCESSORIES,BBQ ACCESSORIES,,,,,,,,,Yes,false,false,false,false,false,Call for Our Best Price,Call for Our Best Price,Call for Our Best Price,No,Call for Our Best Price,false,false,false,false,false,false,false,false,false,N/A,N/A,N/A
false,GAG,GAGGENAU,11049963,11049963,Bypass Cartridge,ACCESSORIES,BBQ ACCESSORIES,,,,,,,,,Yes,false,false,false,false,false,Call for Our Best Price,Call for Our Best Price,Call for Our Best Price,No,Call for Our Best Price,false,false,false,false,false,false,false,false,false,N/A,N/A,N/A
false,GAG,GAGGENAU,11050659,11050659,"UltraClarityPro&trade; Water Filter (3 Pack of BORPLFTR50, BORPLFTR55, RA450022, REPLFLTR55)",WATER TREATMENT,DRINKING WATER TREATMENT,,,,,,,,,Yes,false,false,false,false,false,Call for Our Best Price,Call for Our Best Price,Call for Our Best Price,No,Call for Our Best Price,false,false,false,false,false,false,false,false,false,N/A,N/A,N/A
false,GAG,GAGGENAU,12003844,12003844,"Mounting Bracket for Cover VD201014, VR230",ACCESSORIES,MISC RANGE ACCESSORIES,,,,,,,,,Yes,false,false,false,false,false,Call for Our Best Price,Call for Our Best Price,Call for Our Best Price,No,Call for Our Best Price,false,false,false,false,false,false,false,false,false,N/A,N/A,N/A
false,GAG,GAGGENAU,12008246,12008246,Coffee Machine Water Filter TCZ7003US,ACCESSORIES,MISC ACCESSORIES,,,,,,,,,Yes,false,false,false,false,false,Call for Our Best Price,Call for Our Best Price,Call for Our Best Price,No,Call for Our Best Price,false,false,false,false,false,false,false,false,false,N/A,N/A,N/A
false,GAG,GAGGENAU,12010032,12010032,Gaggenau Induction & Electric Cooktop Cleaner,ACCESSORIES,MISC RANGE ACCESSORIES,,,,,,,,,Yes,false,false,false,false,false,Call for Our Best Price,Call for Our Best Price,Call for Our Best Price,No,Call for Our Best Price,false,false,false,false,false,false,false,false,false,N/A,N/A,N/A
false,GAG,GAGGENAU,12015150,12015150,Rotary Knobs,ACCESSORIES,MISC RANGE ACCESSORIES,,,,,,,,,Yes,false,false,false,false,false,Call for Our Best Price,Call for Our Best Price,Call for Our Best Price,No,Call for Our Best Price,false,false,false,false,false,false,false,false,false,N/A,N/A,N/A
false,GAG,GAGGENAU,12015151,12015151,Rotary Knob,ACCESSORIES,MISC RANGE ACCESSORIES,,,,,,,,,Yes,false,false,false,false,false,Call for Our Best Price,Call for Our Best Price,Call for Our Best Price,No,Call for Our Best Price,false,false,false,false,false,false,false,false,false,N/A,N/A,N/A
false,GAG,GAGGENAU,12026780,12026780,Door Lock RA420010,ACCESSORIES,MISC ACCESSORIES,,,,,,,,,Yes,false,false,false,false,false,Call for Our Best Price,Call for Our Best Price,Call for Our Best Price,No,Call for Our Best Price,false,false,false,false,false,false,false,false,false,N/A,N/A,N/A
false,GAG,GAGGENAU,12028329,12028329,Ice Scooper,ACCESSORIES,MISC ACCESSORIES,,,,,,,,,Yes,false,false,false,false,false,Call for Our Best Price,Call for Our Best Price,Call for Our Best Price,No,Call for Our Best Price,false,false,false,false,false,false,false,false,false,N/A,N/A,N/A
false,GAG,GAGGENAU,17000314,17000314,Cooking Sensor,ACCESSORIES,MISC RANGE ACCESSORIES,,,,,,,,,Yes,false,false,false,false,false,Call for Our Best Price,Call for Our Best Price,Call for Our Best Price,No,Call for Our Best Price,false,false,false,false,false,false,false,false,false,N/A,N/A,N/A
false,GAG,GAGGENAU,17000334,17000334,Glass Scraper for Induction & Electric Cooktops 17000334,MISC,MISCELLANEOUS,,,,,,,,,Yes,false,false,false,false,false,Call for Our Best Price,Call for Our Best Price,Call for Our Best Price,No,Call for Our Best Price,false,false,false,false,false,false,false,false,false,N/A,N/A,N/A
false,GAG,GAGGENAU,17000335,17000335,Replacement Blades (For Scraper 17000334),MISC,MISCELLANEOUS,,,,,,,,,Yes,false,false,false,false,false,Call for Our Best Price,Call for Our Best Price,Call for Our Best Price,No,Call for Our Best Price,false,false,false,false,false,false,false,false,false,N/A,N/A,N/A
false,GAG,GAGGENAU,17001366,17001366,"Baking Tray BA028113, BA028115",ACCESSORIES,BBQ ACCESSORIES,,,,,,,,,Yes,false,false,false,false,false,Call for Our Best Price,Call for Our Best Price,Call for Our Best Price,No,Call for Our Best Price,false,false,false,false,false,false,false,false,false,N/A,N/A,N/A
false,GAG,GAGGENAU,17001367,17001367,"Baking Tray BA026111, BA026113, BA026115",ACCESSORIES,BBQ ACCESSORIES,,,,,,,,,Yes,false,false,false,false,false,Call for Our Best Price,Call for Our Best Price,Call for Our Best Price,No,Call for Our Best Price,false,false,false,false,false,false,false,false,false,N/A,N/A,N/A
false,GAG,GAGGENAU,17001373,17001373,Broil Pan,ACCESSORIES,BBQ ACCESSORIES,,,,,,,,,Yes,false,false,false,false,false,Call for Our Best Price,Call for Our Best Price,Call for Our Best Price,No,Call for Our Best Price,false,false,false,false,false,false,false,false,false,N/A,N/A,N/A
false,GAG,GAGGENAU,17001376,17001376,Wire Rack,ACCESSORIES,MISC RANGE ACCESSORIES,,,,,,,,,Yes,false,false,false,false,false,Call for Our Best Price,Call for Our Best Price,Call for Our Best Price,No,Call for Our Best Price,false,false,false,false,false,false,false,false,false,N/A,N/A,N/A
false,GAG,GAGGENAU,17001377,17001377,Wire Rack,ACCESSORIES,MISC RANGE ACCESSORIES,,,,,,,,,Yes,false,false,false,false,false,Call for Our Best Price,Call for Our Best Price,Call for Our Best Price,No,Call for Our Best Price,false,false,false,false,false,false,false,false,false,N/A,N/A,N/A
false,GAG,GAGGENAU,17001381,17001381,Pull-out Rack System,ACCESSORIES,MISC RANGE ACCESSORIES,,,,,,,,,Yes,false,false,false,false,false,Call for Our Best Price,Call for Our Best Price,Call for Our Best Price,No,Call for Our Best Price,false,false,false,false,false,false,false,false,false,N/A,N/A,N/A
false,GAG,GAGGENAU,17001382,17001382,Pull-out Rack System,ACCESSORIES,MISC RANGE ACCESSORIES,,,,,,,,,Yes,false,false,false,false,false,Call for Our Best Price,Call for Our Best Price,Call for Our Best Price,No,Call for Our Best Price,false,false,false,false,false,false,false,false,false,N/A,N/A,N/A
false,GAG,GAGGENAU,17002187,17002187,Teppanyaki Plate,MISC,MISCELLANEOUS,,,,,,,,,Yes,false,false,false,false,false,Call for Our Best Price,Call for Our Best Price,Call for Our Best Price,No,Call for Our Best Price,false,false,false,false,false,false,false,false,false,N/A,N/A,N/A
false,GAG,GAGGENAU,17002404,17002404,Baking Tray,ACCESSORIES,REFRIGERATOR ACCESSORIES,,,,,,,,,Yes,false,false,false,false,false,Call for Our Best Price,Call for Our Best Price,Call for Our Best Price,No,Call for Our Best Price,false,false,false,false,false,false,false,false,false,N/A,N/A,N/A
false,GAG,GAGGENAU,17002456,17002456,Storage Container,ACCESSORIES,REFRIGERATOR ACCESSORIES,,,,,,,,,Yes,false,false,false,false,false,Call for Our Best Price,Call for Our Best Price,Call for Our Best Price,No,Call for Our Best Price,false,false,false,false,false,false,false,false,false,N/A,N/A,N/A
false,GAG,GAGGENAU,17002490,17002490,Descaling Tablets,ACCESSORIES,MISC ACCESSORIES,,,,,,,,,Yes,false,false,false,false,false,Call for Our Best Price,Call for Our Best Price,Call for Our Best Price,No,Call for Our Best Price,false,false,false,false,false,false,false,false,false,N/A,N/A,N/A
false,GAG,GAGGENAU,17002555,17002555,Wire Rack BA036105,ACCESSORIES,MISC ACCESSORIES,,,,,,,,,Yes,false,false,false,false,false,Call for Our Best Price,Call for Our Best Price,Call for Our Best Price,No,Call for Our Best Price,false,false,false,false,false,false,false,false,false,N/A,N/A,N/A
false,GAG,GAGGENAU,17002556,17002556,"Wire Rack BA038103, BA038105",ACCESSORIES,MISC ACCESSORIES,,,,,,,,,Yes,false,false,false,false,false,Call for Our Best Price,Call for Our Best Price,Call for Our Best Price,No,Call for Our Best Price,false,false,false,false,false,false,false,false,false,N/A,N/A,N/A
false,GAG,GAGGENAU,17003002,17003002,"Charcoal / Carbon Filter AA413110, AA413111",ACCESSORIES,MISC ACCESSORIES,,,,,,,,,Yes,false,false,false,false,false,Call for Our Best Price,Call for Our Best Price,Call for Our Best Price,No,Call for Our Best Price,false,false,false,false,false,false,false,false,false,N/A,N/A,N/A
false,GAG,GAGGENAU,17003043,17003043,Cooktop Cover,ACCESSORIES,MISC RANGE ACCESSORIES,,,,,,,,,Yes,false,false,false,false,false,Call for Our Best Price,Call for Our Best Price,Call for Our Best Price,No,Call for Our Best Price,false,false,false,false,false,false,false,false,false,N/A,N/A,N/A
false,GAG,GAGGENAU,17003099,17003099,Extra Large Stainless Steel Pan - Unperforated,ACCESSORIES,REFRIGERATOR ACCESSORIES,,,,,,,,,Yes,false,false,false,false,false,Call for Our Best Price,Call for Our Best Price,Call for Our Best Price,No,Call for Our Best Price,false,false,false,false,false,false,false,false,false,N/A,N/A,N/A
false,GAG,GAGGENAU,17003100,17003100,Extra Large Stainless Steel Pan - Perforated,ACCESSORIES,REFRIGERATOR ACCESSORIES,,,,,,,,,Yes,false,false,false,false,false,Call for Our Best Price,Call for Our Best Price,Call for Our Best Price,No,Call for Our Best Price,false,false,false,false,false,false,false,false,false,N/A,N/A,N/A
false,GAG,GAGGENAU,17003101,17003101,Extra Large Non-stick Pan - Unperforated,ACCESSORIES,REFRIGERATOR ACCESSORIES,,,,,,,,,Yes,false,false,false,false,false,Call for Our Best Price,Call for Our Best Price,Call for Our Best Price,No,Call for Our Best Price,false,false,false,false,false,false,false,false,false,N/A,N/A,N/A
false,GAG,GAGGENAU,17003102,17003102,Extra Large Non-stick Pan - Perforated,ACCESSORIES,REFRIGERATOR ACCESSORIES,,,,,,,,,Yes,false,false,false,false,false,Call for Our Best Price,Call for Our Best Price,Call for Our Best Price,No,Call for Our Best Price,false,false,false,false,false,false,false,false,false,N/A,N/A,N/A
false,GAG,GAGGENAU,17003107,17003107,Pull-out Rack System,ACCESSORIES,REFRIGERATOR ACCESSORIES,,,,,,,,,Yes,false,false,false,false,false,Call for Our Best Price,Call for Our Best Price,Call for Our Best Price,No,Call for Our Best Price,false,false,false,false,false,false,false,false,false,N/A,N/A,N/A
false,GAG,GAGGENAU,17003108,17003108,Wire Rack,ACCESSORIES,MISC ACCESSORIES,,,,,,,,,Yes,false,false,false,false,false,Call for Our Best Price,Call for Our Best Price,Call for Our Best Price,No,Call for Our Best Price,false,false,false,false,false,false,false,false,false,N/A,N/A,N/A
false,GAG,GAGGENAU,17003109,17003109,Wire Rack (for Roaster Gn340230),ACCESSORIES,REFRIGERATOR ACCESSORIES,,,,,,,,,Yes,false,false,false,false,false,Call for Our Best Price,Call for Our Best Price,Call for Our Best Price,No,Call for Our Best Price,false,false,false,false,false,false,false,false,false,N/A,N/A,N/A
false,GAG,GAGGENAU,17005746,17005746,Glass Tray,MISC,MISCELLANEOUS,,,,,,,,,Yes,false,false,false,false,false,Call for Our Best Price,Call for Our Best Price,Call for Our Best Price,No,Call for Our Best Price,false,false,false,false,false,false,false,false,false,N/A,N/A,N/A
false,GAG,GAGGENAU,17005981,17005981,Cutlery Drawer,ACCESSORIES,DISHWASHER ACCESSORIES,,,,,,,,,Yes,false,false,false,false,false,Call for Our Best Price,Call for Our Best Price,Call for Our Best Price,No,Call for Our Best Price,false,false,false,false,false,false,false,false,false,N/A,N/A,N/A
false,GAG,GAGGENAU,17005982,17005982,Cutlery Drawer,ACCESSORIES,DISHWASHER ACCESSORIES,,,,,,,,,Yes,false,false,false,false,false,Call for Our Best Price,Call for Our Best Price,Call for Our Best Price,No,Call for Our Best Price,false,false,false,false,false,false,false,false,false,N/A,N/A,N/A
false,GAG,GAGGENAU,17006129,17006129,Cleaning Cartridges (Set of 4) CLS10040,ACCESSORIES,MISC ACCESSORIES,,,,,,,,,Yes,false,false,false,false,false,Call for Our Best Price,Call for Our Best Price,Call for Our Best Price,No,Call for Our Best Price,false,false,false,false,false,false,false,false,false,N/A,N/A,N/A
false,GAG,GAGGENAU,17007119,17007119,Fixing kit Fixing piece 5 adhesive rings + positioning template,MISC,MISCELLANEOUS,,,,,,,,,Yes,false,false,false,false,false,Call for Our Best Price,Call for Our Best Price,Call for Our Best Price,No,Call for Our Best Price,false,false,false,false,false,false,false,false,false,N/A,N/A,N/A
false,GAG,GAGGENAU,17007310,17007310,Gastronorm drawer Container non-stick unperf,ACCESSORIES,MISC RANGE ACCESSORIES,,,,,,,,,Yes,false,false,false,false,false,Call for Our Best Price,Call for Our Best Price,Call for Our Best Price,No,Call for Our Best Price,false,false,false,false,false,false,false,false,false,N/A,N/A,N/A
false,GAG,GAGGENAU,AD704050,AD704050,Air Duct Part,ACCESSORIES,HOOD ACCESSORIES,,,,,,,,,Yes,false,false,false,false,false,Call for Our Best Price,Call for Our Best Price,Call for Our Best Price,No,Call for Our Best Price,false,false,false,false,false,false,false,false,false,N/A,N/A,N/A
false,GAG,GAGGENAU,AD854050,AD854050,Air Duct Part,ACCESSORIES,HOOD ACCESSORIES,,,,,,,,,Yes,false,false,false,false,false,Call for Our Best Price,Call for Our Best Price,Call for Our Best Price,No,Call for Our Best Price,false,false,false,false,false,false,false,false,false,N/A,N/A,N/A
false,GAG,GAGGENAU,AD858010,AD858010,Air Duct Part,ACCESSORIES,HOOD ACCESSORIES,,,,,,,,,Yes,false,false,false,false,false,Call for Our Best Price,Call for Our Best Price,Call for Our Best Price,No,Call for Our Best Price,false,false,false,false,false,false,false,false,false,N/A,N/A,N/A
false,GAG,GAGGENAU,AF210761,AF210761,200 Series Visor Hood,HOODS,DUCTED HOOD,,,,,,,,,Yes,false,false,false,false,false,Call for Our Best Price,Call for Our Best Price,Call for Our Best Price,No,Call for Our Best Price,false,false,false,false,false,false,false,false,false,N/A,N/A,N/A
false,GAG,GAGGENAU,AF210791,AF210791,200 Series Visor Hood 36'',HOODS,DUCTED HOOD,,,,,,,,,Yes,false,false,false,false,false,Call for Our Best Price,Call for Our Best Price,Call for Our Best Price,No,Call for Our Best Price,false,false,false,false,false,false,false,false,false,N/A,N/A,N/A
false,GAG,GAGGENAU,AI230700,AI230700,200 Series Island Hood 40'',HOODS,PROFESSIONAL HOOD,,,,,,,,,Yes,false,false,false,false,false,Call for Our Best Price,Call for Our Best Price,Call for Our Best Price,No,Call for Our Best Price,false,false,false,false,false,false,false,false,false,N/A,N/A,N/A
false,GAG,GAGGENAU,AI442720,AI442720,400 Series Island Hood 48'',HOODS,PROFESSIONAL HOOD,,,,,,,,,Yes,false,false,false,false,false,Call for Our Best Price,Call for Our Best Price,Call for Our Best Price,No,Call for Our Best Price,false,false,false,false,false,false,false,false,false,N/A,N/A,N/A
false,GAG,GAGGENAU,AI442760,AI442760,400 Series Island Hood 63'',HOODS,PROFESSIONAL HOOD,,,,,,,,,Yes,false,false,false,false,false,Call for Our Best Price,Call for Our Best Price,Call for Our Best Price,No,Call for Our Best Price,false,false,false,false,false,false,false,false,false,N/A,N/A,N/A
false,GAG,GAGGENAU,AL400721,AL400721,400 Series Backsplash Ventilation 48'' Stainless Steel,HOODS,PROFESSIONAL HOOD,,,,,,,,,Yes,false,false,false,false,false,Call for Our Best Price,Call for Our Best Price,Call for Our Best Price,No,Call for Our Best Price,false,false,false,false,false,false,false,false,false,N/A,N/A,N/A
false,GAG,GAGGENAU,AL400722,AL400722,400 Series Backsplash Ventilation 48'',HOODS,PROFESSIONAL HOOD,,,,,,,,,Yes,false,false,false,false,false,Call for Our Best Price,Call for Our Best Price,Call for Our Best Price,No,Call for Our Best Price,false,false,false,false,false,false,false,false,false,N/A,N/A,N/A
false,GAG,GAGGENAU,AL400791,AL400791,400 Series Backsplash Ventilation 36'' Stainless Steel,HOODS,PROFESSIONAL HOOD,,,,,,,,,Yes,false,false,false,false,false,Call for Our Best Price,Call for Our Best Price,Call for Our Best Price,No,Call for Our Best Price,false,false,false,false,false,false,false,false,false,N/A,N/A,N/A
false,GAG,GAGGENAU,AL400792,AL400792,400 Series Backsplash Ventilation 36'',HOODS,PROFESSIONAL HOOD,,,,,,,,,Yes,false,false,false,false,false,Call for Our Best Price,Call for Our Best Price,Call for Our Best Price,No,Call for Our Best Price,false,false,false,false,false,false,false,false,false,N/A,N/A,N/A
false,GAG,GAGGENAU,AR400742,AR400742,400 Series Recirculation Blower,ACCESSORIES,HOOD ACCESSORIES,,,,,,,,,Yes,false,false,false,false,false,Call for Our Best Price,Call for Our Best Price,Call for Our Best Price,No,Call for Our Best Price,false,false,false,false,false,false,false,false,false,N/A,N/A,N/A
false,GAG,GAGGENAU,AR400743,AR400743,400 Series Recirculation Blower,ACCESSORIES,HOOD ACCESSORIES,,,,,,,,,Yes,false,false,false,false,false,Call for Our Best Price,Call for Our Best Price,Call for Our Best Price,No,Call for Our Best Price,false,false,false,false,false,false,false,false,false,N/A,N/A,N/A
false,GAG,GAGGENAU,AR401742,AR401742,400 Series Recirculation Blower,ACCESSORIES,HOOD ACCESSORIES,,,,,,,,,Yes,false,false,false,false,false,Call for Our Best Price,Call for Our Best Price,Call for Our Best Price,No,Call for Our Best Price,false,false,false,false,false,false,false,false,false,N/A,N/A,N/A
false,GAG,GAGGENAU,AR403722,AR403722,400 Series Remote Fan Unit,ACCESSORIES,HOOD ACCESSORIES,,,,,,,,,Yes,false,false,false,false,false,Call for Our Best Price,Call for Our Best Price,Call for Our Best Price,No,Call for Our Best Price,false,false,false,false,false,false,false,false,false,N/A,N/A,N/A
false,GAG,GAGGENAU,AR410710,AR410710,400 Series Recirculation Blower,ACCESSORIES,HOOD ACCESSORIES,,,,,,,,,Yes,false,false,false,false,false,Call for Our Best Price,Call for Our Best Price,Call for Our Best Price,No,Call for Our Best Price,false,false,false,false,false,false,false,false,false,N/A,N/A,N/A
false,GAG,GAGGENAU,AR413722,AR413722,400 Series Recirculation Blower,ACCESSORIES,HOOD ACCESSORIES,,,,,,,,,Yes,false,false,false,false,false,Call for Our Best Price,Call for Our Best Price,Call for Our Best Price,No,Call for Our Best Price,false,false,false,false,false,false,false,false,false,N/A,N/A,N/A
false,GAG,GAGGENAU,AW230790,AW230790,200 Series Wall-mounted Hood 36'' Stainless Steel,HOODS,PROFESSIONAL HOOD,,,,,,,,,Yes,false,false,false,false,false,Call for Our Best Price,Call for Our Best Price,Call for Our Best Price,No,Call for Our Best Price,false,false,false,false,false,false,false,false,false,N/A,N/A,N/A
false,GAG,GAGGENAU,AW442720,AW442720,400 Series Wall-mounted Hood 48'',HOODS,PROFESSIONAL HOOD,,,,,,,,,Yes,false,false,false,false,false,Call for Our Best Price,Call for Our Best Price,Call for Our Best Price,No,Call for Our Best Price,false,false,false,false,false,false,false,false,false,N/A,N/A,N/A
false,GAG,GAGGENAU,AW442760,AW442760,400 Series Wall-mounted Hood 63'',HOODS,PROFESSIONAL HOOD,,,,,,,,,Yes,false,false,false,false,false,Call for Our Best Price,Call for Our Best Price,Call for Our Best Price,No,Call for Our Best Price,false,false,false,false,false,false,false,false,false,N/A,N/A,N/A
false,GAG,GAGGENAU,BM450710,BM450710,"400 Series Combi-microwave Oven 24'' Door Hinge: Right, Door Hinge: Right, Stainless Steel Behind Glass",MICROWAVE,BUILT IN MICROWAVE,,,,,,,,,Yes,false,false,false,false,false,Call for Our Best Price,Call for Our Best Price,Call for Our Best Price,No,Call for Our Best Price,false,false,false,false,false,false,false,false,false,N/A,N/A,N/A
false,GAG,GAGGENAU,BM451710,BM451710,"400 Series Combi-microwave Oven 24'' Door Hinge: Left, Door Hinge: Left, Stainless Steel Behind Glass",MICROWAVE,BUILT IN MICROWAVE,,,,,,,,,Yes,false,false,false,false,false,Call for Our Best Price,Call for Our Best Price,Call for Our Best Price,No,Call for Our Best Price,false,false,false,false,false,false,false,false,false,N/A,N/A,N/A
false,GAG,GAGGENAU,BM484710,BM484710,400 Series Combi-microwave Oven 30'' Door Hinge: Right,MICROWAVE,BUILT IN MICROWAVE,,,,,,,,,Yes,false,false,false,false,false,Call for Our Best Price,Call for Our Best Price,Call for Our Best Price,No,Call for Our Best Price,false,false,false,false,false,false,false,false,false,N/A,N/A,N/A
false,GAG,GAGGENAU,BM485710,BM485710,"400 Series Combi-microwave Oven 30'' Door Hinge: Left, Door Hinge: Left, Stainless Steel Behind Glass",MICROWAVE,BUILT IN MICROWAVE,,,,,,,,,Yes,false,false,false,false,false,Call for Our Best Price,Call for Our Best Price,Call for Our Best Price,No,Call for Our Best Price,false,false,false,false,false,false,false,false,false,N/A,N/A,N/A
false,GAG,GAGGENAU,BMP250710,BMP250710,"200 Series Combi-microwave Oven 24'' Door Hinge: Right, Door Hinge: Right, Gaggenau Metallic",MICROWAVE,BUILT IN MICROWAVE,,,,,,,,,Yes,false,false,false,false,false,Call for Our Best Price,Call for Our Best Price,Call for Our Best Price,No,Call for Our Best Price,false,false,false,false,false,false,false,false,false,N/A,N/A,N/A
false,GAG,GAGGENAU,BMP251710,BMP251710,"200 Series Combi-microwave Oven 24'' Door Hinge: Left, Door Hinge: Left, Gaggenau Metallic",ELECTRIC RANGES,ELECTRIC OVEN AND MICROWAVE COMBO,,,,,,,,,Yes,false,false,false,false,false,Call for Our Best Price,Call for Our Best Price,Call for Our Best Price,No,Call for Our Best Price,false,false,false,false,false,false,false,false,false,N/A,N/A,N/A
false,GAG,GAGGENAU,BO450612,BO450612,"400 Series Oven 24'' Door Hinge: Right, Door Hinge: Right, Stainless Steel Behind Glass",ELECTRIC RANGES,SINGLE WALL ELECTRIC OVEN,,,,,,,,,Yes,false,false,false,false,false,Call for Our Best Price,Call for Our Best Price,Call for Our Best Price,No,Call for Our Best Price,false,false,false,false,false,false,false,false,false,N/A,N/A,N/A
false,GAG,GAGGENAU,BO451612,BO451612,"400 Series Oven 24'' Door Hinge: Left, Door Hinge: Left, Stainless Steel Behind Glass",ELECTRIC RANGES,SINGLE WALL ELECTRIC OVEN,,,,,,,,,Yes,false,false,false,false,false,Call for Our Best Price,Call for Our Best Price,Call for Our Best Price,No,Call for Our Best Price,false,false,false,false,false,false,false,false,false,N/A,N/A,N/A
false,GAG,GAGGENAU,BO480613,BO480613,"400 Series Oven 30'' Door Hinge: Right, Door Hinge: Right, Stainless Steel Behind Glass",ELECTRIC RANGES,SINGLE WALL ELECTRIC OVEN,,,,,,,,,Yes,false,false,false,false,false,Call for Our Best Price,Call for Our Best Price,Call for Our Best Price,No,Call for Our Best Price,false,false,false,false,false,false,false,false,false,N/A,N/A,N/A
false,GAG,GAGGENAU,BO481613,BO481613,"400 Series Oven 30'' Door Hinge: Left, Door Hinge: Left, Stainless Steel Behind Glass",ELECTRIC RANGES,SINGLE WALL ELECTRIC OVEN,,,,,,,,,Yes,false,false,false,false,false,Call for Our Best Price,Call for Our Best Price,Call for Our Best Price,No,Call for Our Best Price,false,false,false,false,false,false,false,false,false,N/A,N/A,N/A
false,GAG,GAGGENAU,BOP250612,BOP250612,"200 Series Oven 24'' Door Hinge: Right, Door Hinge: Right, Gaggenau Metallic",ELECTRIC RANGES,SINGLE WALL ELECTRIC OVEN,,,,,,,,,Yes,false,false,false,false,false,Call for Our Best Price,Call for Our Best Price,Call for Our Best Price,No,Call for Our Best Price,false,false,false,false,false,false,false,false,false,N/A,N/A,N/A
false,GAG,GAGGENAU,BOP251612,BOP251612,"200 Series Oven 24'' Door Hinge: Left, Door Hinge: Left, Gaggenau Metallic",ELECTRIC RANGES,SINGLE WALL ELECTRIC OVEN,,,,,,,,,Yes,false,false,false,false,false,Call for Our Best Price,Call for Our Best Price,Call for Our Best Price,No,Call for Our Best Price,false,false,false,false,false,false,false,false,false,N/A,N/A,N/A
false,GAG,GAGGENAU,BS470612,BS470612,"400 Series Combi-steam Oven 24'' Door Hinge: Right, Door Hinge: Right, Stainless Steel Behind Glass",ELECTRIC RANGES,SINGLE WALL ELECTRIC OVEN,,,,,,,,,Yes,false,false,false,false,false,Call for Our Best Price,Call for Our Best Price,Call for Our Best Price,No,Call for Our Best Price,false,false,false,false,false,false,false,false,false,N/A,N/A,N/A
false,GAG,GAGGENAU,BS471612,BS471612,"400 Series Combi-steam Oven 24'' Door Hinge: Left, Door Hinge: Left, Stainless Steel Behind Glass",ELECTRIC RANGES,SINGLE WALL ELECTRIC OVEN,,,,,,,,,Yes,false,false,false,false,false,Call for Our Best Price,Call for Our Best Price,Call for Our Best Price,No,Call for Our Best Price,false,false,false,false,false,false,false,false,false,N/A,N/A,N/A
false,GAG,GAGGENAU,BS474612,BS474612,"400 Series Combi-steam Oven 24'' Door Hinge: Right, Door Hinge: Right, Stainless Steel Behind Glass",ELECTRIC RANGES,SINGLE WALL ELECTRIC OVEN,,,,,,,,,Yes,false,false,false,false,false,Call for Our Best Price,Call for Our Best Price,Call for Our Best Price,No,Call for Our Best Price,false,false,false,false,false,false,false,false,false,N/A,N/A,N/A
false,GAG,GAGGENAU,BS475612,BS475612,"400 Series Combi-steam Oven 24'' Door Hinge: Left, Door Hinge: Left, Stainless Steel Behind Glass",ELECTRIC RANGES,SINGLE WALL ELECTRIC OVEN,,,,,,,,,Yes,false,false,false,false,false,Call for Our Best Price,Call for Our Best Price,Call for Our Best Price,No,Call for Our Best Price,false,false,false,false,false,false,false,false,false,N/A,N/A,N/A
false,GAG,GAGGENAU,BS484612,BS484612,"400 Series Combi-steam Oven 30'' Door Hinge: Right, Door Hinge: Right, Stainless Steel Behind Glass",ELECTRIC RANGES,SINGLE WALL ELECTRIC OVEN,,,,,,,,,Yes,false,false,false,false,false,Call for Our Best Price,Call for Our Best Price,Call for Our Best Price,No,Call for Our Best Price,false,false,false,false,false,false,false,false,false,N/A,N/A,N/A
false,GAG,GAGGENAU,BS485612,BS485612,"400 Series Combi-steam Oven 30'' Door Hinge: Left, Door Hinge: Left, Stainless Steel Behind Glass",ELECTRIC RANGES,SINGLE WALL ELECTRIC OVEN,,,,,,,,,Yes,false,false,false,false,false,Call for Our Best Price,Call for Our Best Price,Call for Our Best Price,No,Call for Our Best Price,false,false,false,false,false,false,false,false,false,N/A,N/A,N/A
false,GAG,GAGGENAU,BSP251610,BSP251610,"200 Series Combi-steam Oven 24'' Door Hinge: Left, Door Hinge: Left, Gaggenau Metallic",ELECTRIC RANGES,SINGLE WALL ELECTRIC OVEN,,,,,,,,,Yes,false,false,false,false,false,Call for Our Best Price,Call for Our Best Price,Call for Our Best Price,No,Call for Our Best Price,false,false,false,false,false,false,false,false,false,N/A,N/A,N/A
false,GAG,GAGGENAU,BX480612,BX480612,400 Series Double Oven 30'',ELECTRIC RANGES,DOUBLE WALL ELECTRIC OVEN,,,,,,,,,Yes,false,false,false,false,false,Call for Our Best Price,Call for Our Best Price,Call for Our Best Price,No,Call for Our Best Price,false,false,false,false,false,false,false,false,false,N/A,N/A,N/A
false,GAG,GAGGENAU,BX481612,BX481612,400 Series Double Oven 30'',ELECTRIC RANGES,DOUBLE WALL ELECTRIC OVEN,,,,,,,,,Yes,false,false,false,false,false,Call for Our Best Price,Call for Our Best Price,Call for Our Best Price,No,Call for Our Best Price,false,false,false,false,false,false,false,false,false,N/A,N/A,N/A
false,GAG,GAGGENAU,CA230100,CA230100,Magnetic Knob,ACCESSORIES,MISC RANGE ACCESSORIES,,,,,,,,,Yes,false,false,false,false,false,Call for Our Best Price,Call for Our Best Price,Call for Our Best Price,No,Call for Our Best Price,false,false,false,false,false,false,false,false,false,N/A,N/A,N/A
false,GAG,GAGGENAU,CG280211CA,CG280211CA,200 Series Gas Cooktop,GAS RANGES,COOKTOPS (GAS),,,,,,,,,Yes,false,false,false,false,false,Call for Our Best Price,Call for Our Best Price,Call for Our Best Price,No,Call for Our Best Price,false,false,false,false,false,false,false,false,false,N/A,N/A,N/A
false,GAG,GAGGENAU,CI282601,CI282601,200 Series Induction Cooktop 30'',ELECTRIC RANGES,COOKTOPS (ELECTRIC),,,,,,,,,Yes,false,false,false,false,false,Call for Our Best Price,Call for Our Best Price,Call for Our Best Price,No,Call for Our Best Price,false,false,false,false,false,false,false,false,false,N/A,N/A,N/A
false,GAG,GAGGENAU,CI282602,CI282602,200 Series Induction Cooktop,ELECTRIC RANGES,COOKTOPS (ELECTRIC),,,,,,,,,Yes,false,false,false,false,false,Call for Our Best Price,Call for Our Best Price,Call for Our Best Price,No,Call for Our Best Price,false,false,false,false,false,false,false,false,false,N/A,N/A,N/A
false,GAG,GAGGENAU,CI292602,CI292602,200 Series Induction Cooktop,ELECTRIC RANGES,COOKTOPS (ELECTRIC),,,,,,,,,Yes,false,false,false,false,false,Call for Our Best Price,Call for Our Best Price,Call for Our Best Price,No,Call for Our Best Price,false,false,false,false,false,false,false,false,false,N/A,N/A,N/A
false,GAG,GAGGENAU,CM450712,CM450712,400 Series Fully Automatic Coffee Machine Stainless Steel Behind Glass,SMALL APPLIANCES,COFFEE MAKERS AND GRINDERS,,,,,,,,,Yes,false,false,false,false,false,Call for Our Best Price,Call for Our Best Price,Call for Our Best Price,No,Call for Our Best Price,false,false,false,false,false,false,false,false,false,N/A,N/A,N/A
false,GAG,GAGGENAU,CM470712,CM470712,400 Series Fully Automatic Coffee Machine Stainless Steel Behind Glass,SMALL APPLIANCES,COFFEE MAKERS AND GRINDERS,,,,,,,,,Yes,false,false,false,false,false,Call for Our Best Price,Call for Our Best Price,Call for Our Best Price,No,Call for Our Best Price,false,false,false,false,false,false,false,false,false,N/A,N/A,N/A
false,GAG,GAGGENAU,CMP250711,CMP250711,200 Series Fully Automatic Coffee Machine Metallic,SMALL APPLIANCES,COFFEE MAKERS AND GRINDERS,,,,,,,,,Yes,false,false,false,false,false,Call for Our Best Price,Call for Our Best Price,Call for Our Best Price,No,Call for Our Best Price,false,false,false,false,false,false,false,false,false,N/A,N/A,N/A
false,GAG,GAGGENAU,CX482611,CX482611,400 Series Full Surface Induction Cooktop,ELECTRIC RANGES,COOKTOPS (ELECTRIC),,,,,,,,,Yes,false,false,false,false,false,Call for Our Best Price,Call for Our Best Price,Call for Our Best Price,No,Call for Our Best Price,false,false,false,false,false,false,false,false,false,N/A,N/A,N/A
false,GAG,GAGGENAU,CX492611,CX492611,400 Series Full Surface Induction Cooktop,ELECTRIC RANGES,COOKTOPS (ELECTRIC),,,,,,,,,Yes,false,false,false,false,false,Call for Our Best Price,Call for Our Best Price,Call for Our Best Price,No,Call for Our Best Price,false,false,false,false,false,false,false,false,false,N/A,N/A,N/A
false,GAG,GAGGENAU,DF210700,DF210700,200 Series Dishwasher 24'',DISHWASHERS,BUILT IN DISHWASHER,,,,,,,,,Yes,false,false,false,false,false,Call for Our Best Price,Call for Our Best Price,Call for Our Best Price,No,Call for Our Best Price,false,false,false,false,false,false,false,false,false,N/A,N/A,N/A
false,GAG,GAGGENAU,DF211700,DF211700,200 Series Dishwasher 24'',DISHWASHERS,BUILT IN DISHWASHER,,,,,,,,,Yes,false,false,false,false,false,Call for Our Best Price,Call for Our Best Price,Call for Our Best Price,No,Call for Our Best Price,false,false,false,false,false,false,false,false,false,N/A,N/A,N/A
false,GAG,GAGGENAU,DF480701,DF480701,400 Series Dishwasher 24'',DISHWASHERS,BUILT IN DISHWASHER,,,,,,,,,Yes,false,false,false,false,false,Call for Our Best Price,Call for Our Best Price,Call for Our Best Price,No,Call for Our Best Price,false,false,false,false,false,false,false,false,false,N/A,N/A,N/A
false,GAG,GAGGENAU,DF480701F,DF480701F,400 Series Dishwasher 24'' Variable Hinge for Special Installation Situations,DISHWASHERS,BUILT IN DISHWASHER,,,,,,,,,Yes,false,false,false,false,false,Call for Our Best Price,Call for Our Best Price,Call for Our Best Price,No,Call for Our Best Price,false,false,false,false,false,false,false,false,false,N/A,N/A,N/A
false,GAG,GAGGENAU,DF481701,DF481701,400 Series Dishwasher 24'',DISHWASHERS,BUILT IN DISHWASHER,,,,,,,,,Yes,false,false,false,false,false,Call for Our Best Price,Call for Our Best Price,Call for Our Best Price,No,Call for Our Best Price,false,false,false,false,false,false,false,false,false,N/A,N/A,N/A
false,GAG,GAGGENAU,DF481701F,DF481701F,400 Series Dishwasher 24'' Variable Hinge for Special Installation Situations,DISHWASHERS,BUILT IN DISHWASHER,,,,,,,,,Yes,false,false,false,false,false,Call for Our Best Price,Call for Our Best Price,Call for Our Best Price,No,Call for Our Best Price,false,false,false,false,false,false,false,false,false,N/A,N/A,N/A
false,GAG,GAGGENAU,DV461710,DV461710,400 Series Vacuum-sealing Drawer,SMALL APPLIANCES,FOOD PREPARATION,,,,,,,,,Yes,false,false,false,false,false,Call for Our Best Price,Call for Our Best Price,Call for Our Best Price,No,Call for Our Best Price,false,false,false,false,false,false,false,false,false,N/A,N/A,N/A
false,GAG,GAGGENAU,DV463710,DV463710,400 Series Vacuum-sealing Drawer,SMALL APPLIANCES,FOOD PREPARATION,,,,,,,,,Yes,false,false,false,false,false,Call for Our Best Price,Call for Our Best Price,Call for Our Best Price,No,Call for Our Best Price,false,false,false,false,false,false,false,false,false,N/A,N/A,N/A
false,GAG,GAGGENAU,EB333611,EB333611,Oven 36'' Stainless Steel,ELECTRIC RANGES,SINGLE WALL ELECTRIC OVEN,,,,,,,,,Yes,false,false,false,false,false,Call for Our Best Price,Call for Our Best Price,Call for Our Best Price,No,Call for Our Best Price,false,false,false,false,false,false,false,false,false,N/A,N/A,N/A
false,GAG,GAGGENAU,MW420620,MW420620,400 Series Drawer Microwave 24'',MICROWAVE,BUILT IN MICROWAVE,,,,,,,,,Yes,false,false,false,false,false,Call for Our Best Price,Call for Our Best Price,Call for Our Best Price,No,Call for Our Best Price,false,false,false,false,false,false,false,false,false,N/A,N/A,N/A
false,GAG,GAGGENAU,RB280703,RB280703,200 Series Built-in Bottom Freezer Refrigerator,REFRIGERATORS,BOTTOM FREEZER FREESTANDING REFRIGERATOR,,,,,,,,,Yes,false,false,false,false,false,Call for Our Best Price,Call for Our Best Price,Call for Our Best Price,No,Call for Our Best Price,false,false,false,false,false,false,false,false,false,N/A,N/A,N/A
false,GAG,GAGGENAU,RB282705,RB282705,200 Series Fridge-freezer Combination 22'' Soft Close Flat Hinge,REFRIGERATORS,BOTTOM FREEZER BUILT IN REFRIGERATOR,,,,,,,,,Yes,false,false,false,false,false,Call for Our Best Price,Call for Our Best Price,Call for Our Best Price,No,Call for Our Best Price,false,false,false,false,false,false,false,false,false,N/A,N/A,N/A
false,GAG,GAGGENAU,RB472705,RB472705,400 Series Vario Fridge-freezer Combination 30'' Soft Close Flat Hinge,REFRIGERATORS,BOTTOM FREEZER FREESTANDING REFRIGERATOR,,,,,,,,,Yes,false,false,false,false,false,Call for Our Best Price,Call for Our Best Price,Call for Our Best Price,No,Call for Our Best Price,false,false,false,false,false,false,false,false,false,N/A,N/A,N/A
false,GAG,GAGGENAU,RB492705,RB492705,400 Series Vario Fridge-freezer Combination 36'' Soft Close Flat Hinge,REFRIGERATORS,BOTTOM FREEZER FREESTANDING REFRIGERATOR,,,,,,,,,Yes,false,false,false,false,false,Call for Our Best Price,Call for Our Best Price,Call for Our Best Price,No,Call for Our Best Price,false,false,false,false,false,false,false,false,false,N/A,N/A,N/A
false,GAG,GAGGENAU,RC462705,RC462705,400 Series Vario Refrigerator 24'' Soft Close Flat Hinge,REFRIGERATORS,NO FREEZER BUILT IN REFRIGERATOR,,,,,,,,,Yes,false,false,false,false,false,Call for Our Best Price,Call for Our Best Price,Call for Our Best Price,No,Call for Our Best Price,false,false,false,false,false,false,false,false,false,N/A,N/A,N/A
false,GAG,GAGGENAU,RC472705,RC472705,400 Series Vario Refrigerator 30'' Soft Close Flat Hinge,REFRIGERATORS,NO FREEZER BUILT IN REFRIGERATOR,,,,,,,,,Yes,false,false,false,false,false,Call for Our Best Price,Call for Our Best Price,Call for Our Best Price,No,Call for Our Best Price,false,false,false,false,false,false,false,false,false,N/A,N/A,N/A
false,GAG,GAGGENAU,RC492705,RC492705,400 Series Vario Refrigerator 36'' Soft Close Flat Hinge,REFRIGERATORS,NO FREEZER BUILT IN REFRIGERATOR,,,,,,,,,Yes,false,false,false,false,false,Call for Our Best Price,Call for Our Best Price,Call for Our Best Price,No,Call for Our Best Price,false,false,false,false,false,false,false,false,false,N/A,N/A,N/A
false,GAG,GAGGENAU,RF411705,RF411705,400 Series Vario Freezer 18'' Soft Close Flat Hinge,FREEZERS,UPRIGHT FREEZERS,,,,,,,,,Yes,false,false,false,false,false,Call for Our Best Price,Call for Our Best Price,Call for Our Best Price,No,Call for Our Best Price,false,false,false,false,false,false,false,false,false,N/A,N/A,N/A
false,GAG,GAGGENAU,RF461705,RF461705,400 Series Vario Freezer 24'' Soft Close Flat Hinge,FREEZERS,UPRIGHT FREEZERS,,,,,,,,,Yes,false,false,false,false,false,Call for Our Best Price,Call for Our Best Price,Call for Our Best Price,No,Call for Our Best Price,false,false,false,false,false,false,false,false,false,N/A,N/A,N/A
false,GAG,GAGGENAU,RF463706,RF463706,400 Series Vario Freezer 24'' Soft Close Flat Hinge,FREEZERS,UPRIGHT FREEZERS,,,,,,,,,Yes,false,false,false,false,false,Call for Our Best Price,Call for Our Best Price,Call for Our Best Price,No,Call for Our Best Price,false,false,false,false,false,false,false,false,false,N/A,N/A,N/A
false,GAG,GAGGENAU,RF463707,RF463707,400 Series Vario Freezer 24'' Soft Close Flat Hinge,FREEZERS,UPRIGHT FREEZERS,,,,,,,,,Yes,false,false,false,false,false,Call for Our Best Price,Call for Our Best Price,Call for Our Best Price,No,Call for Our Best Price,false,false,false,false,false,false,false,false,false,N/A,N/A,N/A
false,GAG,GAGGENAU,RF471705,RF471705,400 Series Vario Freezer 30'' Soft Close Flat Hinge,FREEZERS,UPRIGHT FREEZERS,,,,,,,,,Yes,false,false,false,false,false,Call for Our Best Price,Call for Our Best Price,Call for Our Best Price,No,Call for Our Best Price,false,false,false,false,false,false,false,false,false,N/A,N/A,N/A
false,GAG,GAGGENAU,RF491705,RF491705,400 Series Vario Freezer 36'' Soft Close Flat Hinge,FREEZERS,UPRIGHT FREEZERS,,,,,,,,,Yes,false,false,false,false,false,Call for Our Best Price,Call for Our Best Price,Call for Our Best Price,No,Call for Our Best Price,false,false,false,false,false,false,false,false,false,N/A,N/A,N/A
false,GAG,GAGGENAU,RW404761,RW404761,200 Series Built-in Wine Cooler With Glass Door 23.5'',REFRIGERATORS,WINE COOLERS,,,,,,,,,Yes,false,false,false,false,false,Call for Our Best Price,Call for Our Best Price,Call for Our Best Price,No,Call for Our Best Price,false,false,false,false,false,false,false,false,false,N/A,N/A,N/A
false,GAG,GAGGENAU,RW414765,RW414765,400 Series Vario Wine Cooler With Glass Door 18'',REFRIGERATORS,WINE COOLERS,,,,,,,,,Yes,false,false,false,false,false,Call for Our Best Price,Call for Our Best Price,Call for Our Best Price,No,Call for Our Best Price,false,false,false,false,false,false,false,false,false,N/A,N/A,N/A
false,GAG,GAGGENAU,RW466765,RW466765,400 Series Vario Wine Cooler With Glass Door 24'',REFRIGERATORS,WINE COOLERS,,,,,,,,,Yes,false,false,false,false,false,Call for Our Best Price,Call for Our Best Price,Call for Our Best Price,No,Call for Our Best Price,false,false,false,false,false,false,false,false,false,N/A,N/A,N/A
false,GAG,GAGGENAU,RY492705,RY492705,400 Series Vario Fridge-freezer Combination 36'' Soft Close Flat Hinge,REFRIGERATORS,BOTTOM FREEZER FREESTANDING REFRIGERATOR,,,,,,,,,Yes,false,false,false,false,false,Call for Our Best Price,Call for Our Best Price,Call for Our Best Price,No,Call for Our Best Price,false,false,false,false,false,false,false,false,false,N/A,N/A,N/A
false,GAG,GAGGENAU,VG231220CA,VG231220CA,200 Series Vario Gas Cooktop,GAS RANGES,COOKTOPS (GAS),,,,,,,,,Yes,false,false,false,false,false,Call for Our Best Price,Call for Our Best Price,Call for Our Best Price,No,Call for Our Best Price,false,false,false,false,false,false,false,false,false,N/A,N/A,N/A
false,GAG,GAGGENAU,VG232220CA,VG232220CA,200 Series Vario Gas Cooktop,GAS RANGES,COOKTOPS (GAS),,,,,,,,,Yes,false,false,false,false,false,Call for Our Best Price,Call for Our Best Price,Call for Our Best Price,No,Call for Our Best Price,false,false,false,false,false,false,false,false,false,N/A,N/A,N/A
false,GAG,GAGGENAU,VG264220CA,VG264220CA,200 Series Vario Gas Cooktop,GAS RANGES,COOKTOPS (GAS),,,,,,,,,Yes,false,false,false,false,false,Call for Our Best Price,Call for Our Best Price,Call for Our Best Price,No,Call for Our Best Price,false,false,false,false,false,false,false,false,false,N/A,N/A,N/A
false,GAG,GAGGENAU,VG295150CA,VG295150CA,200 Series Gas Cooktop,GAS RANGES,COOKTOPS (GAS),,,,,,,,,Yes,false,false,false,false,false,Call for Our Best Price,Call for Our Best Price,Call for Our Best Price,No,Call for Our Best Price,false,false,false,false,false,false,false,false,false,N/A,N/A,N/A
false,GAG,GAGGENAU,VG295250CA,VG295250CA,200 Series Gas Cooktop,GAS RANGES,COOKTOPS (GAS),,,,,,,,,Yes,false,false,true,false,false,Call for Our Best Price,"$2,549",Call for Our Best Price,No,"$5,399",false,false,false,false,false,false,false,false,false,N/A,N/A,N/A
false,GAG,GAGGENAU,VG415211CA,VG415211CA,400 Series Vario Gas Cooktop,GAS RANGES,COOKTOPS (GAS),,,,,,,,,Yes,false,false,false,false,false,Call for Our Best Price,Call for Our Best Price,Call for Our Best Price,No,Call for Our Best Price,false,false,false,false,false,false,false,false,false,N/A,N/A,N/A
false,GAG,GAGGENAU,VG425211CA,VG425211CA,400 Series Vario Gas Cooktop,GAS RANGES,COOKTOPS (GAS),,,,,,,,,Yes,false,false,false,false,false,Call for Our Best Price,Call for Our Best Price,Call for Our Best Price,No,Call for Our Best Price,false,false,false,false,false,false,false,false,false,N/A,N/A,N/A
false,GAG,GAGGENAU,VG491211CA,VG491211CA,400 Series Vario Gas Cooktop,GAS RANGES,COOKTOPS (GAS),,,,,,,,,Yes,false,false,false,false,false,Call for Our Best Price,Call for Our Best Price,Call for Our Best Price,No,Call for Our Best Price,false,false,false,false,false,false,false,false,false,N/A,N/A,N/A
false,GAG,GAGGENAU,VI230620,VI230620,200 Series Vario Induction,ELECTRIC RANGES,COOKTOPS (ELECTRIC),,,,,,,,,Yes,false,false,false,false,false,Call for Our Best Price,Call for Our Best Price,Call for Our Best Price,No,Call for Our Best Price,false,false,false,false,false,false,false,false,false,N/A,N/A,N/A
false,GAG,GAGGENAU,VI263620,VI263620,200 Series Vario Induction Cooktop,ELECTRIC RANGES,COOKTOPS (ELECTRIC),,,,,,,,,Yes,false,false,false,false,false,Call for Our Best Price,Call for Our Best Price,Call for Our Best Price,No,Call for Our Best Price,false,false,false,false,false,false,false,false,false,N/A,N/A,N/A
false,GAG,GAGGENAU,VI414613,VI414613,400 Series Vario Induction,ELECTRIC RANGES,COOKTOPS (ELECTRIC),,,,,,,,,Yes,false,false,false,false,false,Call for Our Best Price,Call for Our Best Price,Call for Our Best Price,No,Call for Our Best Price,false,false,false,false,false,false,false,false,false,N/A,N/A,N/A
false,GAG,GAGGENAU,VI422613,VI422613,400 Series Vario Flex Induction Cooktop,ELECTRIC RANGES,COOKTOPS (ELECTRIC),,,,,,,,,Yes,false,false,false,false,false,Call for Our Best Price,Call for Our Best Price,Call for Our Best Price,No,Call for Our Best Price,false,false,false,false,false,false,false,false,false,N/A,N/A,N/A
false,GAG,GAGGENAU,VI492613,VI492613,400 Series Vario Flex Induction Cooktop,ELECTRIC RANGES,COOKTOPS (ELECTRIC),,,,,,,,,Yes,false,false,false,false,false,Call for Our Best Price,Call for Our Best Price,Call for Our Best Price,No,Call for Our Best Price,false,false,false,false,false,false,false,false,false,N/A,N/A,N/A
false,GAG,GAGGENAU,VL200120,VL200120,200 Series Vario Downdraft Ventilation 15 Cm Black,HOODS,DUCTLESS HOOD,,,,,,,,,Yes,false,false,false,false,false,Call for Our Best Price,Call for Our Best Price,Call for Our Best Price,No,Call for Our Best Price,false,false,false,false,false,false,false,false,false,N/A,N/A,N/A
false,GAG,GAGGENAU,VL414712,VL414712,400 Series Vario Downdraft Ventilation,HOODS,DUCTLESS HOOD,,,,,,,,,Yes,false,false,false,false,false,Call for Our Best Price,Call for Our Best Price,Call for Our Best Price,No,Call for Our Best Price,false,false,false,false,false,false,false,false,false,N/A,N/A,N/A
false,GAG,GAGGENAU,VP230620,VP230620,200 Series Vario Teppan Yaki,MISC,MISCELLANEOUS,,,,,,,,,Yes,false,false,false,false,false,Call for Our Best Price,Call for Our Best Price,Call for Our Best Price,No,Call for Our Best Price,false,false,false,false,false,false,false,false,false,N/A,N/A,N/A
false,GAG,GAGGENAU,VP414611,VP414611,400 Series Vario Teppan Yaki,ACCESSORIES,MISC RANGE ACCESSORIES,,,,,,,,,Yes,false,false,false,false,false,Call for Our Best Price,Call for Our Best Price,Call for Our Best Price,No,Call for Our Best Price,false,false,false,false,false,false,false,false,false,N/A,N/A,N/A
false,GAG,GAGGENAU,VR230620,VR230620,200 Series Vario Electric Grill,ELECTRIC RANGES,COOKTOPS (ELECTRIC),,,,,,,,,Yes,false,false,false,false,false,Call for Our Best Price,Call for Our Best Price,Call for Our Best Price,No,Call for Our Best Price,false,false,false,false,false,false,false,false,false,N/A,N/A,N/A
false,GAG,GAGGENAU,VR414611,VR414611,400 Series Vario Electric Grill,BARBEQUES,ELECTRIC BBQ,,,,,,,,,Yes,false,false,false,false,false,Call for Our Best Price,Call for Our Best Price,Call for Our Best Price,No,Call for Our Best Price,false,false,false,false,false,false,false,false,false,N/A,N/A,N/A
false,GAG,GAGGENAU,WS461710,WS461710,400 Series Warming Drawer Stainless Steel Behind Glass,ELECTRIC RANGES,WARMING DRAWERS (ELECTRIC),,,,,,,,,Yes,false,false,false,false,false,Call for Our Best Price,Call for Our Best Price,Call for Our Best Price,No,Call for Our Best Price,false,false,false,false,false,false,false,false,false,N/A,N/A,N/A
false,GAG,GAGGENAU,WS463710,WS463710,400 Series Warming Drawer Stainless Steel Behind Glass,ELECTRIC RANGES,WARMING DRAWERS (ELECTRIC),,,,,,,,,Yes,false,false,false,false,false,Call for Our Best Price,Call for Our Best Price,Call for Our Best Price,No,Call for Our Best Price,false,false,false,false,false,false,false,false,false,N/A,N/A,N/A
false,GAG,GAGGENAU,WS482710,WS482710,400 Series Warming Drawer Stainless Steel Behind Glass,ELECTRIC RANGES,WARMING DRAWERS (ELECTRIC),,,,,,,,,Yes,false,false,false,false,false,Call for Our Best Price,Call for Our Best Price,Call for Our Best Price,No,Call for Our Best Price,false,false,false,false,false,false,false,false,false,N/A,N/A,N/A
false,GAG,GAGGENAU,WSP221710,WSP221710,200 Series Warming Drawer Gaggenau Metallic,ELECTRIC RANGES,WARMING DRAWERS (ELECTRIC),,,,,,,,,Yes,false,false,false,false,false,Call for Our Best Price,Call for Our Best Price,Call for Our Best Price,No,Call for Our Best Price,false,false,false,false,false,false,false,false,false,N/A,N/A,N/A
